id,data,home_team_id,away_team_id,home_goals,away_goals,home_corners,away_corners,home_shots,away_shots,home_shots_on_target,away_shots_on_target,home_fouls,away_fouls,home_yellow_cards,away_yellow_cards,home_red_cards,away_red_cards,status,liga,rodada,sofascore_event_id,created_at,updated_at
59,2025-11-25 21:30:00,7,1,1,1,2,4,8,15,4,4,10,8,3,2,1,0,finished,Brasileirão,36,13472615,2025-12-07 19:48:18.267144,2025-12-07 19:48:18.267144
60,2025-11-26 19:00:00,17,14,0,1,8,3,18,8,3,2,10,9,1,1,0,0,finished,Brasileirão,36,13472614,2025-12-07 19:48:30.597107,2025-12-07 19:48:30.597107
61,2025-11-27 20:30:00,9,4,6,0,3,4,16,5,11,1,8,11,1,1,0,0,finished,Brasileirão,36,13472605,2025-12-07 19:48:37.923018,2025-12-07 19:48:37.923018
62,2025-11-28 19:00:00,20,12,1,1,7,5,18,15,8,5,17,15,2,3,0,0,finished,Brasileirão,36,13472619,2025-12-07 19:48:44.627861,2025-12-07 19:48:44.627861
63,2025-11-28 19:30:00,13,6,5,1,3,4,16,14,8,5,13,14,0,1,0,0,finished,Brasileirão,36,13472606,2025-12-07 19:48:51.552496,2025-12-07 19:48:51.552496
64,2025-11-29 21:00:00,18,3,1,1,5,8,11,13,3,3,12,14,2,4,0,0,finished,Brasileirão,36,13472618,2025-12-07 19:49:06.712023,2025-12-07 19:49:06.712023
65,2025-11-30 16:00:00,5,10,2,2,7,4,14,8,6,2,13,18,3,5,0,1,finished,Brasileirão,36,13472611,2025-12-07 19:49:12.990983,2025-12-07 19:49:12.990983
66,2025-11-30 18:30:00,14,7,1,0,9,2,15,9,4,4,9,10,0,1,0,0,finished,Brasileirão,35,13472608,2025-12-07 19:49:19.569101,2025-12-07 19:49:19.569101
67,2025-12-02 21:30:00,11,9,1,2,10,0,16,6,7,2,14,14,3,1,0,0,finished,Brasileirão,37,13472604,2025-12-07 19:49:30.252927,2025-12-07 19:49:30.252927
68,2025-12-03 19:00:00,17,16,4,0,5,0,20,7,9,3,21,12,3,0,0,0,finished,Brasileirão,34,15121159,2025-12-07 19:49:38.231737,2025-12-07 19:49:38.231737
69,2025-12-03 19:00:00,14,5,2,1,0,7,10,20,3,7,15,18,5,1,0,0,finished,Brasileirão,37,13472590,2025-12-07 19:49:45.22768,2025-12-07 19:49:45.22768
70,2025-12-03 19:30:00,20,15,0,3,5,3,12,10,3,6,13,12,2,2,0,0,finished,Brasileirão,37,13472584,2025-12-07 19:49:51.783801,2025-12-07 19:49:51.783801
71,2025-12-03 20:00:00,4,6,3,0,4,9,12,15,7,4,16,19,1,2,0,0,finished,Brasileirão,37,13472599,2025-12-07 19:50:03.353667,2025-12-07 19:50:03.353667
72,2025-12-03 21:30:00,7,2,0,3,10,6,33,12,9,5,16,15,1,2,0,1,finished,Brasileirão,34,15121158,2025-12-07 19:50:09.160698,2025-12-07 19:50:09.160698
73,2025-12-03 21:30:00,1,18,1,0,4,3,15,1,4,1,11,5,0,0,0,0,finished,Brasileirão,37,13472620,2025-12-07 19:50:15.130936,2025-12-07 19:50:15.130936
74,2025-12-04 19:30:00,3,10,2,2,1,7,10,8,4,5,12,15,2,2,0,1,finished,Brasileirão,37,13472634,2025-12-07 19:50:21.552589,2025-12-07 19:50:21.552589
75,2025-11-05 19:00:00,17,20,0,2,4,5,14,7,2,4,21,19,3,3,0,0,finished,Brasileirão Betano,32,13472736,2025-12-07 20:09:31.789396,2025-12-07 20:09:31.789396
76,2025-09-20 18:30:00,18,12,1,1,3,6,15,14,5,5,13,11,3,1,0,0,finished,Brasileirão Betano,24,13472739,2025-12-07 20:11:50.849396,2025-12-07 20:11:50.849396
77,2025-09-28 18:30:00,21,15,2,2,5,7,8,18,2,7,10,11,3,2,0,0,finished,Brasileirão Betano,25,13472751,2025-12-07 20:12:02.857098,2025-12-07 20:12:02.857098
78,2025-03-02 18:30:00,5,19,2,0,7,8,10,13,6,4,19,5,1,4,0,0,finished,Paulista Série A1 - Playoffs,27,13529165,2025-12-07 20:12:10.162989,2025-12-07 20:12:10.162989
79,2025-03-02 20:45:00,15,21,2,0,2,1,10,10,4,3,13,11,2,1,0,0,finished,Paulista Série A1 - Playoffs,27,13529171,2025-12-07 20:12:38.220756,2025-12-07 20:12:38.220756
80,2025-04-06 18:30:00,17,2,1,2,6,3,9,7,2,4,17,21,6,4,0,0,finished,Brasileirão Betano,2,13473357,2025-12-07 20:13:12.097574,2025-12-07 20:13:12.097574
81,2025-02-08 16:30:00,8,18,1,2,5,2,9,5,2,3,11,18,1,5,0,0,finished,"Cearense, Série A",5,13197548,2025-12-07 20:14:58.734185,2025-12-07 20:14:58.734185
82,2025-10-05 16:00:00,13,16,4,3,5,0,13,7,7,3,11,14,1,3,0,2,finished,Brasileirão Betano,27,13472784,2025-12-07 20:15:12.402279,2025-12-07 20:15:12.402279
83,2025-03-26 19:00:00,12,18,3,2,5,6,18,11,7,6,12,9,0,1,0,0,finished,"Copa do Nordeste, Group B",4,13646077,2025-12-07 20:15:18.307727,2025-12-07 20:15:18.307727
84,2025-01-16 21:30:00,15,19,2,1,4,9,23,19,5,9,20,13,3,3,0,0,finished,Paulista Série A1,1,13284329,2025-12-07 20:15:43.502797,2025-12-07 20:15:43.502797
85,2025-02-20 18:30:00,21,19,3,0,2,11,13,17,7,3,8,10,1,3,0,0,finished,Paulista Série A1,11,13193964,2025-12-07 20:15:54.545427,2025-12-07 20:15:54.545427
86,2025-04-12 16:00:00,20,18,2,1,4,3,17,8,3,2,14,15,1,3,0,0,finished,Brasileirão Betano,3,13473367,2025-12-07 20:16:04.324963,2025-12-07 20:16:04.324963
87,2025-10-15 20:00:00,17,18,1,1,5,4,17,15,6,8,0,0,4,2,0,0,finished,Brasileirão Betano,28,13472818,2025-12-07 20:16:49.820874,2025-12-07 20:16:49.820874
88,2025-01-18 17:00:00,7,3,0,0,0,0,0,0,0,0,0,0,0,0,0,0,finished,Club Friendly Games,1,13263289,2025-12-07 20:17:02.473484,2025-12-07 20:17:02.473484
89,2025-01-19 17:00:00,4,1,0,0,0,0,0,0,0,0,0,0,0,0,0,0,finished,Club Friendly Games,1,13263297,2025-12-07 20:17:07.905958,2025-12-07 20:17:07.905958
90,2025-11-29 18:15:00,2,1,0,1,4,7,9,11,0,3,15,18,4,3,0,0,finished,"CONMEBOL Libertadores, Knockout stage",29,14977485,2025-12-07 20:17:33.681328,2025-12-07 20:17:33.681328
91,2025-04-30 19:30:00,18,2,0,1,3,4,13,12,2,4,19,19,3,4,0,0,finished,Copa Betano do Brasil,3,13742584,2025-12-07 20:18:12.21149,2025-12-07 20:18:12.21149
92,2025-05-22 19:30:00,2,18,3,0,8,5,19,11,8,0,6,11,0,1,0,0,finished,Copa Betano do Brasil,3,13742594,2025-12-07 20:19:01.389297,2025-12-07 20:19:01.389297
93,2025-01-15 21:30:00,3,4,1,1,0,0,0,0,0,0,0,0,0,0,0,0,finished,Club Friendly Games,1,13265410,2025-12-07 20:19:06.659799,2025-12-07 20:19:06.659799
94,2025-10-15 15:00:00,6,20,3,2,0,0,0,0,0,0,0,0,0,0,0,0,finished,Copa FGF,5,14613003,2025-12-07 20:19:46.100334,2025-12-07 20:19:46.100334
95,2025-03-12 21:30:00,9,1,1,2,7,10,13,14,4,5,17,14,7,1,0,0,finished,Carioca Série A – Mata-mata,29,13586982,2025-12-07 20:21:10.031104,2025-12-07 20:21:10.031104
96,2025-03-01 17:45:00,13,1,0,1,2,5,8,15,3,1,17,7,5,2,0,0,finished,Carioca Série A – Mata-mata,28,13525558,2025-12-07 20:21:17.849074,2025-12-07 20:21:17.849074
97,2025-03-08 17:45:00,1,13,2,1,9,2,19,4,8,3,12,16,2,3,0,0,finished,Carioca Série A – Mata-mata,28,13525561,2025-12-07 20:21:30.972648,2025-12-07 20:21:30.972648
98,2025-03-16 18:00:00,12,16,2,0,6,3,14,6,4,0,11,18,2,4,0,0,finished,"Baiano, Série A – Mata-mata",29,13591129,2025-12-07 20:22:06.740059,2025-12-07 20:22:06.740059
99,2025-03-23 16:00:00,16,12,1,1,7,0,19,2,8,1,12,12,6,5,1,3,finished,"Baiano, Série A – Mata-mata",29,13591131,2025-12-07 20:22:13.352821,2025-12-07 20:22:13.352821
100,2025-04-03 19:00:00,12,6,1,1,4,2,21,8,7,5,4,13,1,3,0,0,finished,"CONMEBOL Libertadores, Group F",1,13640292,2025-12-07 20:22:29.66699,2025-12-07 20:22:29.66699
101,2025-09-24 19:30:00,11,10,1,1,7,1,17,12,4,4,7,17,1,4,0,1,finished,Brasileirão Betano,16,14549632,2025-12-07 20:23:32.818438,2025-12-07 20:23:32.818438
102,2025-01-16 19:30:00,21,5,1,2,6,5,13,17,5,7,18,8,2,2,0,0,finished,Paulista Série A1,1,13193885,2025-12-07 20:24:59.515102,2025-12-07 20:24:59.515102
103,2025-01-22 21:35:00,15,2,1,2,4,5,8,17,2,4,15,8,1,1,0,0,finished,Paulista Série A1,3,13193902,2025-12-07 20:26:08.771277,2025-12-07 20:26:08.771277
104,2025-05-28 19:00:00,6,12,2,1,3,4,11,13,5,6,19,3,2,1,0,0,finished,"CONMEBOL Libertadores, Group F",6,13640370,2025-12-07 20:26:28.512034,2025-12-07 20:26:28.512034
105,2025-01-26 19:30:00,4,5,3,1,2,5,12,13,5,4,15,15,3,3,0,0,finished,Paulista Série A1,4,13193908,2025-12-07 20:26:40.215117,2025-12-07 20:26:40.215117
106,2025-01-28 19:30:00,2,21,0,0,9,8,14,14,0,5,14,14,3,4,0,0,finished,Paulista Série A1,5,13193917,2025-12-07 20:27:21.269354,2025-12-07 20:27:21.269354
107,2025-02-01 20:30:00,15,4,3,1,3,1,19,11,7,4,16,9,4,3,0,0,finished,Paulista Série A1,6,13193924,2025-12-07 20:27:54.798398,2025-12-07 20:27:54.798398
108,2025-02-05 19:30:00,4,19,4,1,4,3,16,6,7,1,17,11,5,1,0,0,finished,Paulista Série A1,7,13193929,2025-12-07 20:28:21.289178,2025-12-07 20:28:21.289178
109,2025-03-15 16:30:00,8,18,0,1,5,1,7,6,0,1,13,16,3,2,1,0,finished,"Cearense, Serie A, Playoffs",29,13589192,2025-12-07 20:28:30.679538,2025-12-07 20:28:30.679538
110,2025-02-06 20:30:00,2,5,1,1,9,4,24,4,8,3,6,11,0,3,0,1,finished,Paulista Série A1,7,13193933,2025-12-07 20:28:43.665205,2025-12-07 20:28:43.665205
111,2025-07-30 21:30:00,5,2,1,0,4,4,10,11,5,4,20,13,3,3,0,0,finished,Copa Betano do Brasil,5,13966032,2025-12-07 20:29:00.337826,2025-12-07 20:29:00.337826
112,2025-02-08 18:30:00,21,4,1,0,8,7,11,8,3,0,11,17,3,2,1,0,finished,Paulista Série A1,8,13193943,2025-12-07 20:29:35.336,2025-12-07 20:29:35.336
113,2025-07-31 21:30:00,1,7,0,1,4,3,21,14,3,5,12,11,1,1,0,0,finished,Copa Betano do Brasil,5,13966040,2025-12-07 20:29:42.327078,2025-12-07 20:29:42.327078
114,2025-08-06 21:30:00,2,5,0,2,8,6,19,14,2,7,15,17,3,4,2,0,finished,Copa Betano do Brasil,5,13966041,2025-12-07 20:29:50.370321,2025-12-07 20:29:50.370321
115,2025-07-30 21:30:00,6,9,1,2,4,1,15,9,2,3,12,9,5,2,0,0,finished,Copa Betano do Brasil,5,13966038,2025-12-07 20:30:13.481399,2025-12-07 20:30:13.481399
116,2025-02-12 21:35:00,5,15,2,1,1,9,6,18,4,4,13,15,5,3,0,0,finished,Paulista Série A1,9,13193952,2025-12-07 20:30:25.850516,2025-12-07 20:30:25.850516
117,2025-03-22 16:30:00,18,8,1,1,5,6,9,9,2,2,18,16,4,3,0,1,finished,"Cearense, Serie A, Playoffs",29,13589208,2025-12-07 20:30:32.569476,2025-12-07 20:30:32.569476
118,2025-07-29 19:00:00,10,21,2,0,6,3,16,10,7,4,10,7,2,2,0,0,finished,Copa Betano do Brasil,5,13966042,2025-12-07 20:30:42.855943,2025-12-07 20:30:42.855943
119,2025-03-10 21:35:00,2,4,1,0,3,2,14,6,8,1,23,16,3,3,0,0,finished,Paulista Série A1 - Playoffs,28,13566692,2025-12-07 20:30:49.57017,2025-12-07 20:30:49.57017
120,2025-02-16 18:30:00,2,4,0,0,7,2,15,4,2,1,16,15,0,4,0,0,finished,Paulista Série A1,10,13193958,2025-12-07 20:30:59.889724,2025-12-07 20:30:59.889724
121,2025-03-09 18:30:00,5,15,2,1,7,5,11,14,4,2,16,17,4,1,0,2,finished,Paulista Série A1 - Playoffs,28,13566693,2025-12-07 20:31:07.027527,2025-12-07 20:31:07.027527
122,2025-02-23 18:30:00,19,2,2,3,4,7,11,17,3,7,15,11,2,1,0,0,finished,Paulista Série A1,12,13193974,2025-12-07 20:32:16.343649,2025-12-07 20:32:16.343649
123,2025-08-13 21:30:00,1,6,1,0,4,5,10,5,4,2,10,11,1,1,0,0,finished,"CONMEBOL Libertadores, Knockout stage",5,13966072,2025-12-07 20:32:26.776035,2025-12-07 20:32:26.776035
124,2025-08-20 21:30:00,6,1,0,2,1,3,8,14,1,5,22,10,2,1,0,0,finished,"CONMEBOL Libertadores, Knockout stage",5,13966089,2025-12-07 20:33:47.895113,2025-12-07 20:33:47.895113
125,2025-02-22 21:30:00,11,20,2,1,4,5,15,6,7,3,14,22,2,5,0,0,finished,Gaúcho - Mata-mata,28,13484847,2025-12-07 20:35:04.75528,2025-12-07 20:35:04.75528
126,2025-11-22 21:30:00,1,21,3,0,4,6,23,5,9,1,10,19,2,3,0,0,finished,Brasileirão Betano,35,13472588,2025-12-07 20:35:28.532413,2025-12-07 20:35:28.532413
127,2025-11-23 16:00:00,4,20,2,1,3,8,8,14,5,5,15,18,5,1,0,1,finished,Brasileirão Betano,35,13472589,2025-12-07 20:35:35.520517,2025-12-07 20:35:35.520517
128,2025-12-06 18:30:00,19,1,3,3,2,3,17,16,8,6,11,10,1,1,0,0,finished,Brasileirão Betano,38,13472593,2025-12-07 20:35:49.15357,2025-12-07 20:35:49.15357
129,2025-11-23 20:30:00,3,5,3,0,9,3,16,4,6,0,18,8,3,2,0,1,finished,Brasileirão Betano,35,13472594,2025-12-07 20:35:56.240047,2025-12-07 20:35:56.240047
130,2025-11-23 16:00:00,12,13,1,0,11,1,19,7,4,1,10,11,2,3,1,1,finished,Brasileirão Betano,35,13472595,2025-12-07 20:36:03.828965,2025-12-07 20:36:03.828965
131,2025-11-22 21:30:00,2,9,0,0,7,6,14,18,2,4,15,19,3,2,0,0,finished,Brasileirão Betano,35,13472597,2025-12-07 20:36:14.048679,2025-12-07 20:36:14.048679
132,2025-11-24 21:00:00,6,15,1,1,5,0,24,4,4,2,13,10,0,2,0,0,finished,Brasileirão Betano,35,13472601,2025-12-07 20:36:35.374811,2025-12-07 20:36:35.374811
133,2025-11-22 19:30:00,10,11,3,2,7,1,16,11,7,5,17,8,1,4,0,0,finished,Brasileirão Betano,35,13472603,2025-12-07 20:36:47.718519,2025-12-07 20:36:47.718519
134,2025-11-25 21:30:00,11,2,3,2,5,3,19,22,11,6,10,14,3,3,0,1,finished,Brasileirão Betano,36,13472616,2025-12-07 20:38:03.284283,2025-12-07 20:38:03.284283
135,2025-11-19 19:30:00,2,16,0,0,6,3,21,4,9,0,16,14,2,4,1,0,finished,Brasileirão Betano,37,13472623,2025-12-07 20:38:42.102446,2025-12-07 20:38:42.102446
136,2025-01-29 21:30:00,10,9,2,1,6,5,12,13,6,3,11,7,4,4,0,0,finished,Carioca Série A – Taça Guanabara,6,13198199,2025-12-07 20:39:23.141454,2025-12-07 20:39:23.141454
137,2025-11-16 19:00:00,21,7,2,0,3,7,20,11,5,5,14,12,4,1,0,1,finished,Brasileirão Betano,37,13472632,2025-12-07 20:39:30.41119,2025-12-07 20:39:30.41119
138,2025-02-12 21:30:00,1,10,1,0,6,4,6,7,2,4,15,14,4,3,2,1,finished,Carioca Série A – Taça Guanabara,7,13198201,2025-12-07 20:39:36.782267,2025-12-07 20:39:36.782267
139,2025-02-05 21:30:00,13,9,1,2,1,4,6,15,1,3,17,12,5,3,0,0,finished,Carioca Série A – Taça Guanabara,8,13198207,2025-12-07 20:40:00.470919,2025-12-07 20:40:00.470919
140,2025-02-08 16:30:00,9,1,0,0,5,6,4,10,0,2,16,10,3,3,0,0,finished,Carioca Série A – Taça Guanabara,9,13198219,2025-12-07 20:40:28.864327,2025-12-07 20:40:28.864327
141,2025-02-15 21:45:00,1,13,2,0,4,1,14,7,4,1,13,12,2,2,0,0,finished,Carioca Série A – Taça Guanabara,10,13198220,2025-12-07 20:40:37.332956,2025-12-07 20:40:37.332956
142,2025-02-23 18:30:00,13,10,1,0,4,4,9,11,6,4,17,20,4,2,0,0,finished,Carioca Série A – Taça Guanabara,11,13198226,2025-12-07 20:40:51.985568,2025-12-07 20:40:51.985568
143,2025-10-08 21:00:00,19,9,2,1,5,5,11,12,6,3,13,13,3,4,0,0,finished,Brasileirão Betano,13,14689171,2025-12-07 20:40:58.249983,2025-12-07 20:40:58.249983
144,2025-11-01 21:00:00,1,17,3,0,9,8,24,4,10,2,16,15,3,2,1,0,finished,Brasileirão Betano,31,13472665,2025-12-07 20:41:25.047094,2025-12-07 20:41:25.047094
145,2025-11-02 20:30:00,13,4,0,2,6,5,24,11,8,6,11,15,2,2,0,0,finished,Brasileirão Betano,31,13472666,2025-12-07 20:41:36.638499,2025-12-07 20:41:36.638499
146,2025-08-25 21:00:00,1,16,8,0,8,1,20,2,11,1,17,6,0,0,0,0,finished,Brasileirão Betano,21,13472668,2025-12-07 20:41:43.874462,2025-12-07 20:41:43.874462
147,2025-11-02 16:00:00,5,11,2,0,5,8,13,14,4,3,14,8,3,3,0,0,finished,Brasileirão Betano,31,13472667,2025-12-07 20:41:50.00033,2025-12-07 20:41:50.00033
148,2025-08-24 16:00:00,13,5,2,3,3,5,12,14,3,7,16,20,3,2,0,0,finished,Brasileirão Betano,21,13472670,2025-12-07 20:41:55.41021,2025-12-07 20:41:55.41021
149,2025-08-25 19:00:00,2,17,3,0,6,3,22,10,8,1,14,12,0,2,0,0,finished,Brasileirão Betano,21,13472671,2025-12-07 20:42:03.082076,2025-12-07 20:42:03.082076
150,2025-10-22 19:00:00,12,6,1,0,6,5,18,9,7,2,9,13,1,2,0,1,finished,Brasileirão Betano,14,14689179,2025-12-07 20:42:09.385166,2025-12-07 20:42:09.385166
151,2025-08-24 20:30:00,4,7,2,0,5,1,10,4,5,0,20,17,1,2,0,0,finished,Brasileirão Betano,21,13472673,2025-12-07 20:42:15.805185,2025-12-07 20:42:15.805185
152,2025-10-08 19:00:00,7,17,3,1,5,9,15,19,5,2,13,8,4,2,0,0,finished,Brasileirão Betano,14,14689178,2025-12-07 20:42:22.536591,2025-12-07 20:42:22.536591
153,2025-06-01 18:30:00,1,8,5,0,2,4,16,11,13,3,10,11,1,1,0,0,finished,Brasileirão Betano,11,13472675,2025-12-07 20:42:29.655928,2025-12-07 20:42:29.655928
154,2025-08-23 18:30:00,3,6,2,1,5,1,15,4,7,3,10,18,1,5,0,1,finished,Brasileirão Betano,21,13472676,2025-12-07 20:42:36.124588,2025-12-07 20:42:36.124588
155,2025-11-01 16:00:00,3,16,3,1,5,3,13,10,10,7,15,11,4,4,0,0,finished,Brasileirão Betano,31,13472677,2025-12-07 20:42:42.08081,2025-12-07 20:42:42.08081
156,2025-08-23 16:00:00,21,9,4,2,2,11,8,21,5,7,18,9,3,4,0,0,finished,Brasileirão Betano,21,13472674,2025-12-07 20:42:54.53047,2025-12-07 20:42:54.53047
157,2025-11-02 18:30:00,6,7,0,0,7,1,21,6,9,2,18,10,7,4,0,1,finished,Brasileirão Betano,31,13472681,2025-12-07 20:43:06.424218,2025-12-07 20:43:06.424218
158,2025-08-24 18:30:00,8,19,0,1,11,3,14,7,6,4,15,13,4,2,0,0,finished,Brasileirão Betano,21,13472682,2025-12-07 20:43:12.284382,2025-12-07 20:43:12.284382
159,2025-08-24 18:30:00,20,10,1,3,5,3,16,13,6,6,10,17,0,2,0,0,finished,Brasileirão Betano,21,13472683,2025-12-07 20:43:18.944655,2025-12-07 20:43:18.944655
160,2025-06-01 18:30:00,5,16,0,0,8,3,12,6,3,2,8,16,2,5,0,0,finished,Brasileirão Betano,11,13472684,2025-12-07 20:43:25.822426,2025-12-07 20:43:25.822426
161,2025-08-23 21:00:00,11,18,0,0,4,1,13,15,5,4,14,12,2,2,0,0,finished,Brasileirão Betano,21,13472678,2025-12-07 20:43:31.57901,2025-12-07 20:43:31.57901
162,2025-08-31 16:00:00,1,11,1,1,13,0,21,6,6,1,18,11,1,2,0,0,finished,Brasileirão Betano,22,13472686,2025-12-07 20:43:38.218209,2025-12-07 20:43:38.218209
163,2025-08-30 18:30:00,10,21,4,1,6,8,17,7,6,3,10,15,0,2,0,0,finished,Brasileirão Betano,22,13472687,2025-12-07 20:43:49.779148,2025-12-07 20:43:49.779148
164,2025-08-31 18:30:00,5,2,1,1,3,10,9,19,1,7,18,16,2,3,0,0,finished,Brasileirão Betano,22,13472689,2025-12-07 20:43:57.053622,2025-12-07 20:43:57.053622
165,2025-11-02 16:00:00,18,9,2,0,4,5,14,4,5,3,14,15,3,0,0,1,finished,Brasileirão Betano,31,13472690,2025-12-07 20:44:03.127281,2025-12-07 20:44:03.127281
166,2025-08-31 16:00:00,15,9,0,0,6,1,9,5,2,0,13,19,3,4,0,0,finished,Brasileirão Betano,22,13472691,2025-12-07 20:44:11.066756,2025-12-07 20:44:11.066756
167,2025-06-01 16:00:00,15,10,0,1,5,4,17,12,4,3,13,16,4,2,1,0,finished,Brasileirão Betano,11,13472688,2025-12-07 20:44:18.677164,2025-12-07 20:44:18.677164
168,2025-08-31 18:30:00,19,12,5,1,4,2,15,15,9,6,13,7,0,0,0,0,finished,Brasileirão Betano,22,13472693,2025-12-07 20:44:26.209229,2025-12-07 20:44:26.209229
169,2025-11-02 18:30:00,20,2,0,2,4,1,12,14,10,5,16,15,2,1,0,0,finished,Brasileirão Betano,31,13472694,2025-12-07 20:44:34.225452,2025-12-07 20:44:34.225452
170,2025-08-30 21:00:00,3,4,1,0,6,9,12,14,7,5,11,9,2,4,0,0,finished,Brasileirão Betano,22,13472695,2025-12-07 20:44:40.792498,2025-12-07 20:44:40.792498
171,2025-06-01 19:30:00,3,2,2,1,5,13,14,18,3,5,17,13,3,3,0,0,finished,Brasileirão Betano,11,13472696,2025-12-07 20:44:47.441687,2025-12-07 20:44:47.441687
172,2025-02-09 16:00:00,3,7,0,2,5,3,4,15,2,9,8,14,2,2,1,0,finished,Mineiro Módulo I ,7,13241270,2025-12-07 20:44:55.07098,2025-12-07 20:44:55.07098
173,2025-08-31 20:30:00,6,8,2,1,4,5,14,10,6,3,16,14,1,2,0,0,finished,Brasileirão Betano,22,13472697,2025-12-07 20:45:06.772125,2025-12-07 20:45:06.772125
174,2025-06-01 20:30:00,6,9,0,2,9,1,15,8,4,3,13,10,1,0,0,0,finished,Brasileirão Betano,11,13472700,2025-12-07 20:45:14.575624,2025-12-07 20:45:14.575624
175,2025-08-31 18:30:00,16,7,1,0,2,5,14,19,4,5,20,13,2,3,0,0,finished,Brasileirão Betano,22,13472699,2025-12-07 20:45:21.566335,2025-12-07 20:45:21.566335
176,2025-11-06 19:30:00,9,19,1,0,4,3,16,10,4,2,24,10,4,2,0,0,finished,Brasileirão Betano,32,13472698,2025-12-07 20:45:33.438657,2025-12-07 20:45:33.438657
177,2025-05-31 18:30:00,12,4,2,1,5,3,13,14,7,4,13,11,1,2,0,0,finished,Brasileirão Betano,11,13472704,2025-12-07 20:45:40.961296,2025-12-07 20:45:40.961296
178,2025-09-13 21:00:00,9,5,0,1,5,4,16,2,4,1,16,19,1,5,0,0,finished,Brasileirão Betano,23,13472705,2025-12-07 20:45:47.477783,2025-12-07 20:45:47.477783
179,2025-11-06 21:30:00,2,15,2,0,13,5,31,9,14,3,11,8,1,2,0,0,finished,Brasileirão Betano,32,13472706,2025-12-07 20:45:53.456104,2025-12-07 20:45:53.456104
180,2025-09-13 18:30:00,2,6,4,1,7,1,20,7,8,3,10,16,1,2,0,0,finished,Brasileirão Betano,23,13472709,2025-12-07 20:46:09.974753,2025-12-07 20:46:09.974753
181,2025-11-05 21:30:00,4,1,2,2,3,5,15,15,4,2,14,18,2,3,0,1,finished,Brasileirão Betano,32,13472710,2025-12-07 20:46:17.590956,2025-12-07 20:46:17.590956
182,2025-09-14 17:30:00,4,10,1,0,4,4,11,12,3,2,11,14,3,1,0,0,finished,Brasileirão Betano,23,13472711,2025-12-07 20:46:24.046893,2025-12-07 20:46:24.046893
183,2025-06-01 18:30:00,18,7,0,1,8,8,14,8,3,4,15,16,1,4,0,1,finished,Brasileirão Betano,11,13472708,2025-12-07 20:46:30.892923,2025-12-07 20:46:30.892923
184,2025-09-14 16:00:00,7,15,1,1,7,3,17,12,5,5,12,15,2,4,0,1,finished,Brasileirão Betano,23,13472714,2025-12-07 20:46:43.158843,2025-12-07 20:46:43.158843
185,2025-11-05 19:00:00,21,5,2,1,6,1,19,8,6,4,20,15,7,5,0,2,finished,Brasileirão Betano,32,13472715,2025-12-07 20:46:48.272515,2025-12-07 20:46:48.272515
186,2025-09-13 16:00:00,11,19,0,1,6,3,14,16,5,6,13,15,2,2,0,0,finished,Brasileirão Betano,23,13472717,2025-12-07 20:46:59.635198,2025-12-07 20:46:59.635198
187,2025-09-15 20:00:00,12,3,1,2,6,5,13,10,5,3,11,12,1,3,0,0,finished,Brasileirão Betano,23,13472718,2025-12-07 20:47:05.972926,2025-12-07 20:47:05.972926
188,2025-11-05 20:00:00,7,12,3,0,13,3,23,12,7,4,6,8,2,2,0,1,finished,Brasileirão Betano,32,13472719,2025-12-07 20:47:13.313182,2025-12-07 20:47:13.313182
189,2025-06-01 16:00:00,20,11,0,2,5,7,14,18,5,9,11,15,2,2,0,0,finished,Brasileirão Betano,11,13472712,2025-12-07 20:47:19.907242,2025-12-07 20:47:19.907242
190,2025-09-14 16:00:00,20,1,0,2,6,7,6,13,1,4,16,12,2,2,0,0,finished,Brasileirão Betano,23,13472722,2025-12-07 20:47:32.417115,2025-12-07 20:47:32.417115
191,2025-11-05 20:00:00,11,3,0,1,5,6,17,9,6,6,15,17,2,3,0,0,finished,Brasileirão Betano,32,13472723,2025-12-07 20:47:39.168179,2025-12-07 20:47:39.168179
192,2025-09-21 17:30:00,1,13,1,1,3,7,14,11,3,4,15,12,2,3,0,0,finished,Brasileirão Betano,24,13472724,2025-12-07 20:47:46.434833,2025-12-07 20:47:46.434833
193,2025-09-13 16:00:00,8,16,2,0,4,2,13,11,5,3,14,15,3,6,0,0,finished,Brasileirão Betano,23,13472721,2025-12-07 20:47:53.739246,2025-12-07 20:47:53.739246
194,2025-09-20 18:30:00,10,7,1,0,7,4,8,13,2,2,14,9,5,2,1,0,finished,Brasileirão Betano,24,13472726,2025-12-07 20:48:01.295242,2025-12-07 20:48:01.295242
195,2025-09-20 21:00:00,2,8,4,1,11,2,23,8,10,5,11,15,1,1,0,0,finished,Brasileirão Betano,24,13472728,2025-12-07 20:48:12.427338,2025-12-07 20:48:12.427338
196,2025-06-12 21:30:00,4,13,1,3,4,3,11,14,3,9,18,17,4,2,0,0,finished,Brasileirão Betano,12,13472729,2025-12-07 20:48:20.088339,2025-12-07 20:48:20.088339
197,2025-09-21 20:30:00,15,4,1,0,4,3,19,4,4,1,16,17,3,3,0,0,finished,Brasileirão Betano,24,13472730,2025-12-07 20:48:27.697724,2025-12-07 20:48:27.697724
198,2025-11-05 19:00:00,16,6,1,0,4,4,11,9,3,4,13,21,3,4,0,0,finished,Brasileirão Betano,32,13472727,2025-12-07 20:48:33.673391,2025-12-07 20:48:33.673391
199,2025-11-06 20:00:00,18,8,1,1,5,4,13,7,3,4,17,12,3,3,0,0,finished,Brasileirão Betano,32,13472731,2025-12-07 20:48:44.503291,2025-12-07 20:48:44.503291
200,2025-09-21 20:30:00,3,21,2,1,7,4,13,8,3,6,11,18,6,7,0,0,finished,Brasileirão Betano,24,13472734,2025-12-07 20:48:51.872441,2025-12-07 20:48:51.872441
201,2025-09-21 17:30:00,6,11,2,3,8,1,19,6,6,3,18,15,5,2,1,1,finished,Brasileirão Betano,24,13472735,2025-12-07 20:48:57.576763,2025-12-07 20:48:57.576763
202,2025-06-12 21:30:00,7,6,2,0,6,5,13,10,4,2,18,14,4,3,0,0,finished,Brasileirão Betano,12,13472737,2025-12-07 20:49:09.323269,2025-12-07 20:49:09.323269
203,2025-09-20 16:00:00,16,9,0,1,10,6,17,11,4,4,17,14,3,3,1,1,finished,Brasileirão Betano,24,13472738,2025-12-07 20:49:16.642936,2025-12-07 20:49:16.642936
204,2025-11-09 18:30:00,1,15,3,2,10,3,14,18,4,4,14,12,2,2,0,0,finished,Brasileirão Betano,33,13472740,2025-12-07 20:49:26.132133,2025-12-07 20:49:26.132133
205,2025-06-12 20:00:00,11,5,1,1,4,6,16,12,6,3,13,12,2,3,0,0,finished,Brasileirão Betano,12,13472741,2025-12-07 20:49:32.334585,2025-12-07 20:49:32.334585
206,2025-09-21 17:30:00,17,5,1,0,8,7,12,19,3,3,17,9,6,1,0,0,finished,Brasileirão Betano,24,13472742,2025-12-07 21:02:49.465339,2025-12-07 21:02:49.465339
207,2025-09-28 16:00:00,9,10,2,0,4,2,8,12,3,1,10,13,2,2,0,0,finished,Brasileirão Betano,25,13472743,2025-12-07 21:02:55.612624,2025-12-07 21:02:55.612624
208,2025-09-28 11:00:00,11,16,3,1,1,5,10,6,6,4,8,13,1,4,0,0,finished,Brasileirão Betano,25,13472755,2025-12-07 21:45:40.609193,2025-12-07 21:45:40.609193
209,2025-12-07 16:00:00,18,2,1,3,7,7,18,14,5,7,14,15,4,2,0,0,finished,Brasileirão Betano,38,13472591,2025-12-07 21:59:12.040185,2025-12-07 21:59:12.040185
210,2025-12-07 16:00:00,6,21,3,1,2,4,15,6,4,3,18,15,2,4,0,0,finished,Brasileirão Betano,38,13472592,2025-12-07 21:59:17.115773,2025-12-07 21:59:17.115773
211,2025-12-07 16:00:00,5,20,1,1,4,7,14,16,4,4,18,17,0,1,0,0,finished,Brasileirão Betano,38,13472600,2025-12-07 21:59:27.788184,2025-12-07 21:59:27.788184
212,2025-12-07 16:00:00,7,13,5,0,6,1,19,1,6,0,13,4,0,0,0,1,finished,Brasileirão Betano,38,13472596,2025-12-07 21:59:31.869916,2025-12-07 21:59:31.869916
213,2025-12-07 16:00:00,9,12,2,0,5,4,12,14,5,5,12,22,2,3,0,0,finished,Brasileirão Betano,38,13472602,2025-12-07 21:59:35.529681,2025-12-07 21:59:35.529681
214,2025-12-07 16:00:00,10,8,4,2,2,2,15,8,6,4,11,10,1,4,0,0,finished,Brasileirão Betano,38,13472610,2025-12-07 21:59:49.705546,2025-12-07 21:59:49.705546
215,2025-12-07 16:00:00,15,3,3,0,9,3,19,8,7,4,8,12,2,2,0,0,finished,Brasileirão Betano,38,13472633,2025-12-07 22:00:29.133896,2025-12-07 22:00:29.133896
216,2025-12-07 16:00:00,16,4,1,0,10,1,21,8,8,2,16,18,5,1,0,0,finished,Brasileirão Betano,38,13472635,2025-12-07 22:00:33.389979,2025-12-07 22:00:33.389979
217,2025-06-04 20:00:00,10,18,3,2,6,0,16,9,10,3,12,11,1,2,0,0,finished,Brasileirão Betano,10,13788130,2025-12-07 22:02:09.091917,2025-12-07 22:02:09.091917
218,2025-09-27 18:30:00,13,3,2,0,3,9,12,21,4,3,13,13,2,1,0,0,finished,Brasileirão Betano,25,13472745,2025-12-07 22:02:13.727098,2025-12-07 22:02:13.727098
219,2025-06-12 19:00:00,16,3,0,0,9,4,9,18,2,2,16,18,2,2,0,1,finished,Brasileirão Betano,12,13472746,2025-12-07 22:02:18.282797,2025-12-07 22:02:18.282797
220,2025-09-28 20:30:00,5,1,1,2,5,3,16,13,5,2,16,21,3,5,0,0,finished,Brasileirão Betano,25,13472747,2025-12-07 22:02:22.668077,2025-12-07 22:02:22.668077
221,2025-11-09 16:00:00,5,18,0,1,9,4,16,7,5,4,7,20,1,7,0,0,finished,Brasileirão Betano,33,13472748,2025-12-07 22:02:26.965216,2025-12-07 22:02:26.965216
222,2025-09-29 20:00:00,4,18,0,1,7,3,15,7,2,6,14,18,2,3,0,0,finished,Brasileirão Betano,25,13472749,2025-12-07 22:02:30.369046,2025-12-07 22:02:30.369046
223,2025-06-12 19:30:00,8,15,2,3,15,0,32,8,10,3,16,17,5,3,0,0,finished,Brasileirão Betano,12,13472750,2025-12-07 22:02:34.818909,2025-12-07 22:02:34.818909
224,2025-11-08 18:00:00,13,20,1,3,7,1,14,10,4,5,18,15,4,4,1,0,finished,Brasileirão Betano,33,13472744,2025-12-07 22:02:38.976499,2025-12-07 22:02:38.976499
225,2025-11-08 21:00:00,4,21,0,1,7,1,12,9,3,2,9,20,1,2,0,0,finished,Brasileirão Betano,33,13472752,2025-12-07 22:02:42.949681,2025-12-07 22:02:42.949681
226,2025-09-27 21:00:00,7,19,1,0,4,11,11,26,5,5,11,8,4,3,1,0,finished,Brasileirão Betano,25,13472753,2025-12-07 22:02:47.320618,2025-12-07 22:02:47.320618
227,2025-11-15 21:00:00,15,2,1,0,8,5,17,11,5,4,11,15,1,1,0,0,finished,Brasileirão Betano,13,14863346,2025-12-07 22:02:52.055252,2025-12-07 22:02:52.055252
228,2025-09-28 16:00:00,12,2,1,0,1,4,12,11,5,4,13,18,5,2,0,0,finished,Brasileirão Betano,25,13472756,2025-12-07 22:02:59.981361,2025-12-07 22:02:59.981361
229,2025-11-09 20:30:00,19,2,2,1,8,8,17,15,8,6,15,17,3,2,0,0,finished,Brasileirão Betano,33,13472757,2025-12-07 22:03:04.667616,2025-12-07 22:03:04.667616
230,2025-07-12 16:30:00,1,4,2,0,7,1,22,6,10,0,12,9,2,2,0,0,finished,Brasileirão Betano,13,13472758,2025-12-07 22:03:08.984163,2025-12-07 22:03:08.984163
231,2025-09-27 16:00:00,8,17,1,0,8,5,15,12,5,6,17,16,2,3,0,0,finished,Brasileirão Betano,25,13472759,2025-12-07 22:03:13.333713,2025-12-07 22:03:13.333713
232,2025-09-27 18:30:00,20,6,1,1,7,1,14,5,3,2,20,18,2,2,0,0,finished,Brasileirão Betano,25,13472760,2025-12-07 22:03:18.398592,2025-12-07 22:03:18.398592
233,2025-11-09 16:00:00,3,9,0,0,5,1,15,8,5,3,16,16,6,3,0,0,finished,Brasileirão Betano,33,13472761,2025-12-07 22:03:22.554485,2025-12-07 22:03:22.554485
234,2025-07-12 18:30:00,13,10,0,2,5,3,11,21,5,6,12,14,2,2,0,0,finished,Brasileirão Betano,13,13472762,2025-12-07 22:03:26.130331,2025-12-07 22:03:26.130331
235,2025-10-02 20:30:00,1,3,0,0,4,2,15,11,2,5,16,19,3,7,0,1,finished,Brasileirão Betano,26,13472763,2025-12-07 22:03:30.183749,2025-12-07 22:03:30.183749
236,2025-10-01 21:30:00,10,12,2,1,6,4,15,10,7,2,19,10,4,6,0,1,finished,Brasileirão Betano,26,13472764,2025-12-07 22:03:34.555541,2025-12-07 22:03:34.555541
237,2025-11-08 18:30:00,6,12,2,2,6,5,16,16,6,4,22,15,4,2,0,0,finished,Brasileirão Betano,33,13472765,2025-12-07 22:03:38.909989,2025-12-07 22:03:38.909989
238,2025-07-13 19:00:00,5,21,1,2,10,2,13,9,8,5,18,16,6,5,0,0,finished,Brasileirão Betano,13,13472766,2025-12-07 22:03:43.543401,2025-12-07 22:03:43.543401
239,2025-10-01 19:00:00,2,13,3,0,1,3,11,9,6,3,7,15,1,1,0,0,finished,Brasileirão Betano,26,13472767,2025-12-07 22:03:48.067038,2025-12-07 22:03:48.067038
240,2025-10-01 21:30:00,15,11,1,1,10,0,24,4,7,1,20,18,3,3,0,0,finished,Brasileirão Betano,26,13472768,2025-12-07 22:03:52.125177,2025-12-07 22:03:52.125177
241,2025-11-09 16:00:00,16,10,0,0,6,7,10,11,0,3,16,21,1,1,0,0,finished,Brasileirão Betano,33,13472769,2025-12-07 22:03:55.681689,2025-12-07 22:03:55.681689
242,2025-03-29 18:30:00,20,16,2,0,3,5,9,14,4,5,16,16,3,4,0,0,finished,Brasileirão Betano,1,13473347,2025-12-07 22:04:04.053885,2025-12-07 22:04:04.053885
243,2025-09-30 21:30:00,7,20,0,0,5,1,13,6,1,2,12,16,3,4,0,0,finished,Brasileirão Betano,26,13472772,2025-12-07 22:04:09.113719,2025-12-07 22:04:09.113719
244,2025-10-01 19:30:00,6,5,1,1,3,4,10,5,4,2,21,16,4,5,0,0,finished,Brasileirão Betano,26,13472773,2025-12-07 22:04:13.71503,2025-12-07 22:04:13.71503
245,2025-11-09 20:30:00,8,11,2,2,7,5,22,21,9,6,15,18,4,4,1,0,finished,Brasileirão Betano,33,13472774,2025-12-07 22:04:18.353092,2025-12-07 22:04:18.353092
246,2025-10-01 19:00:00,19,21,1,1,12,5,14,13,5,4,13,18,2,3,0,0,finished,Brasileirão Betano,26,13472770,2025-12-07 22:04:23.845107,2025-12-07 22:04:23.845107
247,2025-10-02 19:00:00,16,18,1,0,6,3,9,13,3,3,14,15,4,1,0,0,finished,Brasileirão Betano,26,13472776,2025-12-07 22:04:28.026281,2025-12-07 22:04:28.026281
248,2025-10-02 19:30:00,8,4,0,2,8,6,24,8,5,3,12,9,3,0,0,1,finished,Brasileirão Betano,26,13472777,2025-12-07 22:04:33.224177,2025-12-07 22:04:33.224177
249,2025-07-13 20:30:00,3,11,4,1,6,3,17,11,9,2,14,10,4,2,0,0,finished,Brasileirão Betano,13,13472778,2025-12-07 22:04:38.028754,2025-12-07 22:04:38.028754
250,2025-11-08 16:00:00,17,7,2,4,4,4,7,20,4,5,12,6,1,0,0,0,finished,Brasileirão Betano,33,13472779,2025-12-07 22:04:41.604204,2025-12-07 22:04:41.604204
251,2025-10-01 19:00:00,17,9,2,2,3,1,12,11,4,5,15,13,3,1,0,0,finished,Brasileirão Betano,26,13472780,2025-12-07 22:04:46.116601,2025-12-07 22:04:46.116601
252,2025-10-04 18:30:00,9,7,3,0,4,2,14,5,10,1,12,14,2,4,0,0,finished,Brasileirão Betano,27,13472781,2025-12-07 22:04:51.431439,2025-12-07 22:04:51.431439
253,2025-07-12 16:30:00,6,16,1,0,2,5,20,11,3,4,15,14,2,1,0,0,finished,Brasileirão Betano,13,13472782,2025-12-07 22:04:56.116866,2025-12-07 22:04:56.116866
254,2025-11-19 21:30:00,9,1,2,1,3,5,9,13,3,4,14,12,4,3,0,0,finished,Brasileirão Betano,34,13472783,2025-12-07 22:05:00.974447,2025-12-07 22:05:00.974447
255,2025-10-04 21:00:00,5,19,3,0,2,6,10,20,3,0,19,14,3,3,0,0,finished,Brasileirão Betano,27,13472785,2025-12-07 22:05:07.734675,2025-12-07 22:05:07.734675
256,2025-07-12 21:00:00,12,7,2,1,4,7,18,10,5,2,12,11,2,2,0,0,finished,Brasileirão Betano,13,13472786,2025-12-07 22:05:11.800833,2025-12-07 22:05:11.800833
257,2025-09-17 19:30:00,10,19,3,3,6,5,15,12,4,6,18,11,4,1,0,0,finished,Brasileirão Betano,12,14550035,2025-12-07 22:05:16.412896,2025-12-07 22:05:16.412896
258,2025-10-05 16:00:00,4,2,2,3,4,7,12,14,5,7,12,12,3,6,0,0,finished,Brasileirão Betano,27,13472788,2025-12-07 22:05:20.611352,2025-12-07 22:05:20.611352
259,2025-11-18 20:30:00,10,17,3,2,7,5,27,15,9,4,11,7,2,4,0,0,finished,Brasileirão Betano,34,13472787,2025-12-07 22:05:25.307825,2025-12-07 22:05:25.307825
260,2025-07-13 20:30:00,8,18,0,1,3,5,13,14,0,3,12,13,2,4,0,0,finished,Brasileirão Betano,13,13472790,2025-12-07 22:05:30.344527,2025-12-07 22:05:30.344527
261,2025-11-20 19:30:00,5,4,3,1,4,5,13,6,4,2,15,17,1,2,0,0,finished,Brasileirão Betano,34,13472791,2025-12-07 22:05:34.06309,2025-12-07 22:05:34.06309
262,2025-10-05 20:30:00,3,17,1,1,10,3,28,17,7,5,11,15,1,2,0,0,finished,Brasileirão Betano,27,13472792,2025-12-07 22:05:37.445457,2025-12-07 22:05:37.445457
263,2025-10-04 18:30:00,6,10,2,0,6,4,15,13,7,3,15,11,2,2,0,0,finished,Brasileirão Betano,27,13472793,2025-12-07 22:05:42.541417,2025-12-07 22:05:42.541417
264,2025-10-04 18:30:00,21,11,1,0,6,2,28,5,7,1,18,7,3,4,0,1,finished,Brasileirão Betano,27,13472789,2025-12-07 22:05:47.018605,2025-12-07 22:05:47.018605
265,2025-11-19 21:30:00,15,19,1,1,5,7,17,16,6,2,13,12,1,2,0,0,finished,Brasileirão Betano,34,13472795,2025-12-07 22:05:51.070473,2025-12-07 22:05:51.070473
266,2025-10-05 18:30:00,12,1,1,0,3,1,11,8,3,3,22,14,3,4,0,2,finished,Brasileirão Betano,27,13472796,2025-12-07 22:05:55.821265,2025-12-07 22:05:55.821265
267,2025-10-05 20:30:00,18,15,3,0,2,7,11,17,5,5,16,16,1,3,0,0,finished,Brasileirão Betano,27,13472797,2025-12-07 22:06:00.33077,2025-12-07 22:06:00.33077
268,2025-07-17 19:30:00,9,3,0,2,7,2,28,8,6,5,12,13,1,2,0,0,finished,Brasileirão Betano,14,13472798,2025-12-07 22:06:04.530173,2025-12-07 22:06:04.530173
269,2025-10-05 18:30:00,20,8,1,2,8,1,16,8,7,3,14,15,2,3,1,0,finished,Brasileirão Betano,27,13472799,2025-12-07 22:06:08.598385,2025-12-07 22:06:08.598385
270,2025-07-14 20:00:00,20,17,2,0,1,8,5,21,3,5,17,15,3,3,0,0,finished,Brasileirão Betano,13,13472794,2025-12-07 22:06:12.651554,2025-12-07 22:06:12.651554
271,2025-10-16 21:30:00,9,20,1,0,8,2,13,9,1,1,12,18,2,6,0,1,finished,Brasileirão Betano,28,13472801,2025-12-07 22:06:16.12501,2025-12-07 22:06:16.12501
272,2025-10-15 19:30:00,10,1,0,3,3,2,16,11,5,5,21,17,5,5,0,0,finished,Brasileirão Betano,28,13472802,2025-12-07 22:06:21.431671,2025-12-07 22:06:21.431671
273,2025-07-16 21:30:00,10,16,0,0,6,5,23,8,8,1,10,19,1,5,0,0,finished,Brasileirão Betano,14,13472803,2025-12-07 22:06:26.149244,2025-12-07 22:06:26.149244
274,2025-10-15 19:00:00,2,21,5,1,8,3,26,6,12,2,0,0,2,4,0,0,finished,Brasileirão Betano,28,13472805,2025-12-07 22:06:33.917811,2025-12-07 22:06:33.917811
275,2025-10-15 21:30:00,15,5,3,1,5,4,19,5,5,1,22,12,3,5,0,0,finished,Brasileirão Betano,28,13472806,2025-12-07 22:06:38.782257,2025-12-07 22:06:38.782257
276,2025-07-16 19:00:00,2,19,1,1,7,3,16,4,3,1,13,17,1,3,0,0,finished,Brasileirão Betano,14,13472807,2025-12-07 22:06:43.60368,2025-12-07 22:06:43.60368
277,2025-10-15 20:00:00,19,6,3,1,9,2,17,6,5,3,12,18,3,2,0,0,finished,Brasileirão Betano,28,13472809,2025-12-07 22:06:49.572139,2025-12-07 22:06:49.572139
278,2025-10-15 21:30:00,7,3,1,1,2,1,23,4,4,2,20,15,4,4,0,1,finished,Brasileirão Betano,28,13472810,2025-12-07 22:06:53.177697,2025-12-07 22:06:53.177697
279,2025-07-16 20:00:00,15,1,1,0,3,8,8,10,4,5,16,15,2,3,0,0,finished,Brasileirão Betano,14,13472811,2025-12-07 22:06:57.361938,2025-12-07 22:06:57.361938
280,2025-10-16 19:00:00,11,4,2,0,5,3,18,14,7,1,11,16,1,3,0,0,finished,Brasileirão Betano,28,13472812,2025-12-07 22:07:01.315742,2025-12-07 22:07:01.315742
281,2025-11-20 18:00:00,12,8,2,3,10,2,24,11,8,5,6,14,1,5,0,0,finished,Brasileirão Betano,34,13472813,2025-12-07 22:07:05.957255,2025-12-07 22:07:05.957255
282,2025-11-19 21:30:00,11,13,2,0,5,3,24,5,9,2,12,17,4,3,0,0,finished,Brasileirão Betano,34,13472808,2025-12-07 22:07:11.344865,2025-12-07 22:07:11.344865
283,2025-07-16 21:30:00,21,4,2,2,6,4,17,14,3,5,11,18,3,0,0,0,finished,Brasileirão Betano,14,13472815,2025-12-07 22:07:15.69589,2025-12-07 22:07:15.69589
284,2025-10-15 21:30:00,8,13,0,2,10,2,27,6,9,3,0,0,5,1,3,1,finished,Brasileirão Betano,28,13472816,2025-12-07 22:07:21.400627,2025-12-07 22:07:21.400627
285,2025-11-20 21:30:00,18,6,1,2,3,5,10,16,3,6,8,15,2,1,1,2,finished,Brasileirão Betano,34,13472817,2025-12-07 22:07:28.477877,2025-12-07 22:07:28.477877
286,2025-10-16 21:30:00,16,12,2,1,4,3,9,11,5,6,20,8,7,2,1,0,finished,Brasileirão Betano,28,13472814,2025-12-07 22:07:33.01463,2025-12-07 22:07:33.01463
287,2025-10-19 16:00:00,1,2,3,2,1,8,8,20,4,9,13,16,4,2,0,1,finished,Brasileirão Betano,29,13472820,2025-12-07 22:07:36.894384,2025-12-07 22:07:36.894384
288,2025-11-20 16:00:00,20,3,3,3,3,9,12,17,7,7,19,13,4,1,0,0,finished,Brasileirão Betano,34,13472821,2025-12-07 22:07:40.888222,2025-12-07 22:07:40.888222
289,2025-10-20 19:30:00,13,9,2,0,1,4,11,12,5,4,15,19,1,1,0,0,finished,Brasileirão Betano,29,13472822,2025-12-07 22:07:45.65246,2025-12-07 22:07:45.65246
290,2025-07-29 20:30:00,11,8,2,1,2,5,10,12,4,3,24,26,3,6,0,0,finished,Brasileirão Betano,14,13472823,2025-12-07 22:07:50.263718,2025-12-07 22:07:50.263718
291,2025-10-18 18:30:00,5,7,1,0,5,3,13,8,1,1,15,20,3,3,0,0,finished,Brasileirão Betano,29,13472824,2025-12-07 22:07:54.387797,2025-12-07 22:07:54.387797
292,2025-10-20 21:30:00,15,16,0,1,3,3,13,10,4,2,13,18,2,4,0,0,finished,Brasileirão Betano,29,13472825,2025-12-07 22:08:01.649435,2025-12-07 22:08:01.649435
293,2025-10-19 18:30:00,19,4,3,0,3,7,12,10,9,3,11,17,3,3,0,0,finished,Brasileirão Betano,29,13472827,2025-12-07 22:08:05.312625,2025-12-07 22:08:05.312625
294,2025-10-18 21:00:00,3,8,1,0,3,6,10,18,4,4,13,17,1,5,0,0,finished,Brasileirão Betano,29,13472828,2025-12-07 22:08:09.492092,2025-12-07 22:08:09.492092
295,2025-07-16 19:30:00,18,5,0,1,7,3,16,5,2,2,16,12,3,2,0,0,finished,Brasileirão Betano,14,13472829,2025-12-07 22:08:14.927863,2025-12-07 22:08:14.927863
296,2025-10-19 18:30:00,6,17,2,0,3,6,13,13,5,2,18,13,3,2,0,0,finished,Brasileirão Betano,29,13472830,2025-12-07 22:08:19.204983,2025-12-07 22:08:19.204983
297,2025-10-19 20:30:00,12,11,4,0,11,5,23,13,10,1,9,12,2,1,0,0,finished,Brasileirão Betano,29,13472831,2025-12-07 22:08:22.884541,2025-12-07 22:08:22.884541
298,2025-10-19 18:30:00,18,10,0,2,9,5,21,10,3,4,11,14,2,3,0,0,finished,Brasileirão Betano,29,13472832,2025-12-07 22:08:27.715735,2025-12-07 22:08:27.715735
299,2025-10-20 19:00:00,20,21,1,0,4,2,19,9,3,1,24,22,3,1,0,0,finished,Brasileirão Betano,29,13472834,2025-12-07 22:08:36.617748,2025-12-07 22:08:36.617748
300,2025-10-25 17:30:00,9,6,1,0,6,3,21,8,7,0,13,10,0,2,0,0,finished,Brasileirão Betano,30,13472835,2025-12-07 22:08:41.785663,2025-12-07 22:08:41.785663
301,2025-07-20 19:30:00,1,9,1,0,8,3,9,6,3,2,14,6,3,1,0,0,finished,Brasileirão Betano,15,13472836,2025-12-07 22:08:46.184538,2025-12-07 22:08:46.184538
302,2025-10-26 16:00:00,10,15,2,2,6,6,18,9,9,7,14,8,4,4,0,0,finished,Brasileirão Betano,30,13472837,2025-12-07 22:08:50.215213,2025-12-07 22:08:50.215213
303,2025-10-26 20:30:00,2,3,0,0,4,8,13,10,4,4,24,16,2,6,0,1,finished,Brasileirão Betano,30,13472838,2025-12-07 22:08:54.647355,2025-12-07 22:08:54.647355
304,2025-07-19 17:30:00,13,11,1,1,12,2,31,9,7,4,16,15,2,3,0,0,finished,Brasileirão Betano,15,13472839,2025-12-07 22:08:59.080956,2025-12-07 22:08:59.080956
305,2025-10-25 21:30:00,4,12,2,0,5,4,14,9,5,3,10,10,2,4,0,0,finished,Brasileirão Betano,30,13472840,2025-12-07 22:09:03.340365,2025-12-07 22:09:03.340365
306,2025-10-26 18:30:00,21,13,0,3,5,3,11,8,1,5,11,7,1,1,0,0,finished,Brasileirão Betano,30,13472841,2025-12-07 22:09:07.082345,2025-12-07 22:09:07.082345
307,2025-07-20 17:30:00,2,7,3,2,9,0,18,6,7,3,22,16,2,4,0,0,finished,Brasileirão Betano,15,13472842,2025-12-07 22:09:12.20994,2025-12-07 22:09:12.20994
308,2025-10-25 16:00:00,7,18,1,0,3,7,6,16,3,6,9,13,3,0,0,0,finished,Brasileirão Betano,30,13472843,2025-12-07 22:09:17.125928,2025-12-07 22:09:17.125928
309,2025-10-26 16:00:00,11,20,3,1,4,3,20,9,7,4,11,32,3,8,0,1,finished,Brasileirão Betano,30,13472844,2025-12-07 22:09:22.629192,2025-12-07 22:09:22.629192
310,2025-07-19 21:00:00,4,5,2,0,6,5,16,9,3,3,18,9,2,2,0,0,finished,Brasileirão Betano,15,13472845,2025-12-07 22:09:27.484316,2025-12-07 22:09:27.484316
311,2025-10-25 16:00:00,16,5,0,1,5,6,11,11,2,5,23,13,6,5,0,1,finished,Brasileirão Betano,30,13472846,2025-12-07 22:09:31.910133,2025-12-07 22:09:31.910133
312,2025-10-25 19:30:00,8,1,1,0,5,11,5,18,2,3,10,13,1,1,0,0,finished,Brasileirão Betano,30,13472847,2025-12-07 22:09:35.775993,2025-12-07 22:09:35.775993
313,2025-09-24 19:30:00,13,12,3,1,6,2,19,9,6,3,20,13,1,2,0,1,finished,Brasileirão Betano,16,14543946,2025-12-07 22:09:39.609579,2025-12-07 22:09:39.609579
314,2025-07-19 18:30:00,19,15,3,0,9,2,19,8,11,0,16,9,1,1,1,0,finished,Brasileirão Betano,15,13472848,2025-12-07 22:09:43.771476,2025-12-07 22:09:43.771476
315,2025-07-20 16:00:00,3,20,4,0,8,3,16,6,7,1,15,10,1,2,0,0,finished,Brasileirão Betano,15,13472850,2025-12-07 22:09:49.250668,2025-12-07 22:09:49.250668
316,2025-07-20 11:00:00,6,18,1,0,7,5,10,9,4,2,14,6,1,2,0,0,finished,Brasileirão Betano,15,13472851,2025-12-07 22:09:54.505262,2025-12-07 22:09:54.505262
317,2025-07-20 16:00:00,16,21,1,0,2,5,9,15,2,3,18,13,3,2,0,0,finished,Brasileirão Betano,15,13472852,2025-12-07 22:09:59.088051,2025-12-07 22:09:59.088051
318,2025-07-19 16:00:00,8,12,1,1,9,3,15,17,2,4,16,6,5,3,0,0,finished,Brasileirão Betano,15,13472853,2025-12-07 22:10:04.1998,2025-12-07 22:10:04.1998
319,2025-07-20 17:30:00,17,10,0,1,6,4,12,13,5,5,0,0,1,2,0,0,finished,Brasileirão Betano,15,13472854,2025-12-07 22:10:08.703255,2025-12-07 22:10:08.703255
320,2025-07-23 19:00:00,9,2,1,2,5,3,17,9,1,5,13,15,1,2,0,1,finished,Brasileirão Betano,16,13472855,2025-12-07 22:10:13.435751,2025-12-07 22:10:13.435751
321,2025-10-25 18:30:00,17,19,1,2,7,1,11,14,3,5,6,9,1,2,1,0,finished,Brasileirão Betano,30,13472849,2025-12-07 22:10:18.070059,2025-12-07 22:10:18.070059
322,2025-07-23 19:30:00,5,3,0,0,4,2,7,14,4,4,19,17,4,2,0,0,finished,Brasileirão Betano,16,13472857,2025-12-07 22:10:22.751811,2025-12-07 22:10:22.751811
323,2025-07-23 21:30:00,15,6,1,2,8,2,21,11,7,4,17,11,4,2,0,0,finished,Brasileirão Betano,16,13472858,2025-12-07 22:10:26.841297,2025-12-07 22:10:26.841297
324,2025-07-23 21:30:00,21,1,1,2,2,3,10,14,2,6,11,18,1,5,0,0,finished,Brasileirão Betano,16,13472859,2025-12-07 22:10:32.043126,2025-12-07 22:10:32.043126
325,2025-08-20 21:30:00,12,18,1,0,5,2,6,9,3,2,18,18,3,3,0,0,finished,"Copa do Nordeste, Knockout stage",28,14302299,2025-12-07 22:10:37.062317,2025-12-07 22:10:37.062317
326,2025-07-23 21:30:00,16,17,2,2,6,10,26,20,11,9,12,16,4,3,0,0,finished,Brasileirão Betano,16,13472862,2025-12-07 22:10:40.977023,2025-12-07 22:10:40.977023
327,2025-07-23 19:00:00,18,19,0,2,14,6,22,4,8,3,13,10,3,3,0,0,finished,Brasileirão Betano,16,13472863,2025-12-07 22:10:46.258209,2025-12-07 22:10:46.258209
328,2025-07-24 19:00:00,20,4,0,1,4,8,8,16,0,3,15,12,3,2,0,0,finished,Brasileirão Betano,16,13472864,2025-12-07 22:10:50.73663,2025-12-07 22:10:50.73663
329,2025-07-27 20:30:00,1,7,1,0,5,7,16,13,6,5,18,14,4,4,0,0,finished,Brasileirão Betano,17,13472865,2025-12-07 22:10:55.162797,2025-12-07 22:10:55.162797
330,2025-07-26 18:30:00,10,5,1,1,6,2,11,12,3,5,20,14,3,2,0,0,finished,Brasileirão Betano,17,13472866,2025-12-07 22:10:59.950864,2025-12-07 22:10:59.950864
331,2025-07-26 21:00:00,2,11,1,0,2,3,10,5,3,3,20,21,1,2,0,0,finished,Brasileirão Betano,17,13472867,2025-12-07 22:11:04.858091,2025-12-07 22:11:04.858091
332,2025-07-27 16:00:00,4,9,3,1,7,3,15,7,9,1,13,11,3,4,0,0,finished,Brasileirão Betano,17,13472868,2025-12-07 22:11:09.051493,2025-12-07 22:11:09.051493
333,2025-07-26 18:30:00,19,16,1,1,8,5,15,15,7,7,12,14,2,1,0,0,finished,Brasileirão Betano,17,13472869,2025-12-07 22:11:13.176727,2025-12-07 22:11:13.176727
334,2025-07-27 16:00:00,3,18,1,2,10,3,16,9,4,3,8,11,0,2,0,0,finished,Brasileirão Betano,17,13472870,2025-12-07 22:11:18.116791,2025-12-07 22:11:18.116791
335,2025-07-27 18:30:00,6,13,1,1,10,5,27,15,8,5,10,14,1,4,0,1,finished,Brasileirão Betano,17,13472871,2025-12-07 22:11:23.571408,2025-12-07 22:11:23.571408
336,2025-07-27 18:30:00,12,20,3,0,2,1,17,3,8,0,18,15,1,2,0,1,finished,Brasileirão Betano,17,13472872,2025-12-07 22:11:27.969888,2025-12-07 22:11:27.969888
337,2025-07-26 18:30:00,8,21,3,1,9,5,21,10,9,4,16,13,4,4,0,0,finished,Brasileirão Betano,17,13472873,2025-12-07 22:11:31.706353,2025-12-07 22:11:31.706353
338,2025-07-26 18:30:00,17,15,2,2,4,3,16,9,4,5,25,17,3,1,0,1,finished,Brasileirão Betano,17,13472874,2025-12-07 22:11:36.343732,2025-12-07 22:11:36.343732
339,2025-08-02 21:00:00,9,11,1,0,6,4,9,9,1,0,11,17,1,3,0,0,finished,Brasileirão Betano,18,13472875,2025-12-07 22:11:41.478324,2025-12-07 22:11:41.478324
340,2025-08-03 16:00:00,10,3,0,2,6,5,11,11,2,4,15,7,3,2,0,0,finished,Brasileirão Betano,18,13472876,2025-12-07 22:11:45.992678,2025-12-07 22:11:45.992678
341,2025-08-03 16:00:00,5,8,1,1,5,3,18,8,5,3,10,16,0,2,0,0,finished,Brasileirão Betano,18,13472877,2025-12-07 22:11:50.259474,2025-12-07 22:11:50.259474
342,2025-08-04 20:00:00,15,20,3,1,3,8,19,20,8,10,18,17,3,3,0,0,finished,Brasileirão Betano,18,13472878,2025-12-07 22:11:55.179314,2025-12-07 22:11:55.179314
343,2025-08-02 18:30:00,19,13,3,2,4,4,13,11,4,6,12,14,0,1,0,0,finished,Brasileirão Betano,18,13472879,2025-12-07 22:12:00.531781,2025-12-07 22:12:00.531781
344,2025-08-03 18:30:00,7,21,2,1,9,0,29,4,9,3,13,11,1,4,0,1,finished,Brasileirão Betano,18,13472880,2025-12-07 22:12:05.034393,2025-12-07 22:12:05.034393
345,2025-08-03 20:30:00,6,4,1,2,4,5,11,9,4,4,23,19,2,2,0,0,finished,Brasileirão Betano,18,13472881,2025-12-07 22:12:10.10368,2025-12-07 22:12:10.10368
346,2025-08-03 19:30:00,16,2,2,2,6,2,15,14,6,4,13,21,5,2,0,0,finished,Brasileirão Betano,18,13472882,2025-12-07 22:12:14.347869,2025-12-07 22:12:14.347869
347,2025-08-03 18:30:00,18,1,1,1,3,7,9,14,4,4,14,12,3,2,0,0,finished,Brasileirão Betano,18,13472883,2025-12-07 22:12:18.688409,2025-12-07 22:12:18.688409
348,2025-08-02 16:00:00,17,12,0,0,3,6,5,14,1,2,12,8,1,1,0,0,finished,Brasileirão Betano,18,13472884,2025-12-07 22:12:26.238212,2025-12-07 22:12:26.238212
349,2025-08-09 18:30:00,1,19,2,1,11,10,24,13,8,5,23,13,1,1,0,0,finished,Brasileirão Betano,19,13472886,2025-12-07 22:12:31.087572,2025-12-07 22:12:31.087572
350,2025-08-10 16:00:00,13,7,1,1,6,10,15,17,4,4,10,9,2,1,0,0,finished,Brasileirão Betano,19,13472887,2025-12-07 22:12:35.334458,2025-12-07 22:12:35.334458
351,2025-08-10 16:00:00,2,18,2,1,3,3,8,7,5,4,8,12,1,3,0,0,finished,Brasileirão Betano,19,13472888,2025-12-07 22:12:40.240847,2025-12-07 22:12:40.240847
352,2025-08-09 18:30:00,4,16,2,0,4,3,23,5,3,1,16,10,3,3,0,0,finished,Brasileirão Betano,19,13472889,2025-12-07 22:12:44.283159,2025-12-07 22:12:44.283159
353,2025-08-09 18:30:00,21,6,1,3,8,6,17,14,8,6,7,12,1,2,0,0,finished,Brasileirão Betano,19,13472890,2025-12-07 22:12:49.345634,2025-12-07 22:12:49.345634
354,2025-08-10 18:30:00,3,15,1,2,15,3,19,9,4,2,17,12,5,3,0,0,finished,Brasileirão Betano,19,13472891,2025-12-07 22:12:53.568254,2025-12-07 22:12:53.568254
355,2025-08-10 20:30:00,11,17,0,1,3,2,14,11,6,3,10,19,2,0,0,0,finished,Brasileirão Betano,19,13472892,2025-12-07 22:12:57.726686,2025-12-07 22:12:57.726686
356,2025-08-09 21:00:00,12,9,3,3,8,2,17,8,6,5,17,13,2,2,0,1,finished,Brasileirão Betano,19,13472893,2025-12-07 22:13:03.203476,2025-12-07 22:13:03.203476
357,2025-08-09 20:30:00,8,10,0,5,2,8,9,21,1,12,8,12,2,0,1,0,finished,Brasileirão Betano,19,13472894,2025-12-07 22:13:08.105013,2025-12-07 22:13:08.105013
358,2025-08-11 20:00:00,20,5,2,1,3,2,12,11,4,3,22,12,5,5,0,1,finished,Brasileirão Betano,19,13472895,2025-12-07 22:13:12.219076,2025-12-07 22:13:12.219076
359,2025-08-16 16:00:00,9,8,2,1,2,6,10,12,3,5,10,18,2,4,0,0,finished,Brasileirão Betano,20,13472896,2025-12-07 22:13:20.516868,2025-12-07 22:13:20.516868
360,2025-08-17 20:30:00,10,2,0,1,4,3,15,9,6,2,7,6,1,2,0,0,finished,Brasileirão Betano,20,13472898,2025-12-07 22:13:24.596262,2025-12-07 22:13:24.596262
361,2025-08-16 21:00:00,5,12,1,2,9,1,24,7,8,5,15,21,2,4,0,0,finished,Brasileirão Betano,20,13472899,2025-12-07 22:13:29.363133,2025-12-07 22:13:29.363133
362,2025-08-17 16:00:00,15,13,0,6,3,3,7,14,2,9,11,12,2,4,0,0,finished,Brasileirão Betano,20,13472900,2025-12-07 22:13:34.222179,2025-12-07 22:13:34.222179
363,2025-08-18 20:00:00,19,3,1,1,7,2,21,8,3,3,16,13,3,4,0,0,finished,Brasileirão Betano,20,13472901,2025-12-07 22:13:38.163369,2025-12-07 22:13:38.163369
364,2025-08-17 16:00:00,7,11,1,3,4,4,10,8,3,4,19,12,2,2,2,2,finished,Brasileirão Betano,20,13472902,2025-12-07 22:13:42.345264,2025-12-07 22:13:42.345264
365,2025-08-17 18:30:00,6,1,1,3,10,5,14,16,6,3,12,8,2,0,0,0,finished,Brasileirão Betano,20,13472903,2025-12-07 22:13:47.142275,2025-12-07 22:13:47.142275
366,2025-08-16 18:30:00,16,20,2,2,4,6,18,13,4,4,9,14,1,3,1,1,finished,Brasileirão Betano,20,13472904,2025-12-07 22:13:52.218927,2025-12-07 22:13:52.218927
367,2025-08-16 16:00:00,18,21,1,0,3,4,10,9,4,2,23,16,3,4,0,0,finished,Brasileirão Betano,20,13472905,2025-12-07 22:13:56.843025,2025-12-07 22:13:56.843025
368,2025-08-16 18:30:00,17,4,2,2,4,10,8,18,5,8,17,19,4,1,0,0,finished,Brasileirão Betano,20,13472906,2025-12-07 22:14:01.281535,2025-12-07 22:14:01.281535
369,2025-04-16 19:00:00,17,21,0,1,9,3,21,16,6,7,10,12,3,2,0,0,finished,Brasileirão Betano,4,13473377,2025-12-07 22:14:11.795207,2025-12-07 22:14:11.795207
370,2025-02-02 16:00:00,10,1,1,3,2,5,12,17,3,8,19,15,3,3,0,0,finished,Supercopa do Brasil,29,13282471,2025-12-07 22:14:19.129139,2025-12-07 22:14:19.129139
371,2025-04-20 11:00:00,20,19,2,2,5,3,19,25,6,6,18,10,2,2,0,0,finished,Brasileirão Betano,5,13473387,2025-12-07 22:14:29.765047,2025-12-07 22:14:29.765047
372,2025-04-27 20:30:00,15,21,1,2,6,10,19,16,3,6,13,15,2,5,0,0,finished,Brasileirão Betano,6,13473391,2025-12-07 22:14:50.532545,2025-12-07 22:14:50.532545
373,2025-02-01 16:00:00,12,16,0,0,7,1,11,7,4,0,10,16,2,3,0,0,finished,"Baiano, Série A",6,13325230,2025-12-07 22:15:06.904778,2025-12-07 22:15:06.904778
374,2025-03-08 17:45:00,11,6,0,2,9,2,12,9,1,3,15,13,1,2,0,0,finished,Gaúcho - Mata-mata,29,13557006,2025-12-07 22:15:11.388203,2025-12-07 22:15:11.388203
375,2025-05-05 19:00:00,21,19,1,0,4,4,15,12,4,3,8,12,2,3,0,0,finished,Brasileirão Betano,7,13473402,2025-12-07 22:15:15.246243,2025-12-07 22:15:15.246243
376,2025-05-03 18:30:00,18,16,1,0,3,3,18,12,8,3,15,31,0,4,0,0,finished,Brasileirão Betano,7,13473406,2025-12-07 22:15:31.642663,2025-12-07 22:15:31.642663
377,2025-05-12 20:00:00,15,18,0,0,9,6,14,13,1,6,11,21,1,2,0,0,finished,Brasileirão Betano,8,13473411,2025-12-07 22:15:53.084751,2025-12-07 22:15:53.084751
378,2025-12-03 20:00:00,12,17,2,0,6,2,27,7,13,3,11,11,1,3,0,0,finished,Brasileirão Betano,37,13472598,2025-12-07 22:16:01.655143,2025-12-07 22:16:01.655143
379,2025-05-10 18:30:00,16,13,2,1,6,3,12,16,4,5,7,17,1,3,1,0,finished,Brasileirão Betano,8,13473415,2025-12-07 22:16:11.710062,2025-12-07 22:16:11.710062
380,2025-10-29 19:00:00,9,18,1,0,9,3,12,6,5,0,17,10,5,3,0,0,finished,Brasileirão Betano,12,14824794,2025-12-07 22:16:15.587929,2025-12-07 22:16:15.587929
381,2025-12-07 16:00:00,17,11,0,4,1,5,11,13,3,8,6,15,1,4,0,0,finished,Brasileirão Betano,38,13472607,2025-12-07 22:16:23.048396,2025-12-07 22:16:23.048396
382,2025-11-23 18:30:00,17,16,1,3,8,2,11,14,1,5,19,12,3,1,0,0,finished,Brasileirão Betano,35,13472609,2025-12-07 22:16:29.919888,2025-12-07 22:16:29.919888
383,2025-05-17 16:00:00,18,17,2,0,5,8,7,9,3,4,14,16,1,4,0,0,finished,Brasileirão Betano,9,13473426,2025-12-07 22:16:45.084427,2025-12-07 22:16:45.084427
384,2025-11-24 19:00:00,19,18,3,0,6,12,7,14,5,2,11,10,2,2,0,0,finished,Brasileirão Betano,35,13472612,2025-12-07 22:16:48.701339,2025-12-07 22:16:48.701339
385,2025-11-28 21:30:00,15,17,3,0,9,3,17,11,7,2,11,15,0,2,0,0,finished,Brasileirão Betano,36,13472613,2025-12-07 22:16:55.523691,2025-12-07 22:16:55.523691
386,2025-11-29 16:00:00,16,19,2,0,3,9,16,25,3,9,15,11,1,2,0,0,finished,Brasileirão Betano,36,13472617,2025-12-07 22:17:05.802558,2025-12-07 22:17:05.802558
387,2025-05-26 20:00:00,21,20,1,0,6,2,12,7,5,2,17,22,5,4,1,0,finished,Brasileirão Betano,10,13473432,2025-12-07 22:17:12.705107,2025-12-07 22:17:12.705107
388,2025-12-02 19:00:00,13,19,0,2,10,1,14,8,5,4,21,10,2,3,0,0,finished,Brasileirão Betano,37,13472621,2025-12-07 22:17:22.404702,2025-12-07 22:17:22.404702
389,2025-10-11 19:00:00,2,20,4,1,6,0,19,8,10,1,9,15,1,2,0,0,finished,Brasileirão Betano,12,14693875,2025-12-07 22:17:42.547109,2025-12-07 22:17:42.547109
390,2025-07-09 21:30:00,12,8,2,1,3,7,11,8,3,3,15,18,2,4,0,0,finished,"Copa do Nordeste, Knockout stage",27,14011922,2025-12-07 22:17:59.89254,2025-12-07 22:17:59.89254
391,2025-11-12 20:30:00,7,8,3,3,9,6,17,12,8,5,15,10,2,1,0,0,finished,Brasileirão Betano,16,15011357,2025-12-07 22:18:03.581475,2025-12-07 22:18:03.581475
392,2025-03-19 21:30:00,16,17,1,0,3,7,8,5,4,2,17,11,3,3,0,0,finished,"Copa do Nordeste, Group A",6,13350526,2025-12-07 22:18:11.215704,2025-12-07 22:18:11.215704
393,2025-03-29 21:00:00,1,6,1,1,4,2,19,5,5,1,10,17,2,4,0,0,finished,Brasileirão Betano,1,13473338,2025-12-07 22:18:16.402178,2025-12-07 22:18:16.402178
394,2025-03-30 18:30:00,13,15,2,1,2,3,12,11,5,2,11,12,1,1,0,0,finished,Brasileirão Betano,1,13473339,2025-12-07 22:18:21.882245,2025-12-07 22:18:21.882245
395,2025-03-30 16:00:00,2,10,0,0,2,2,13,13,3,5,18,22,3,3,0,0,finished,Brasileirão Betano,1,13473340,2025-12-07 22:18:25.519468,2025-12-07 22:18:25.519468
396,2025-03-29 18:30:00,4,17,0,0,6,2,16,8,3,1,17,21,0,2,0,0,finished,Brasileirão Betano,1,13473341,2025-12-07 22:18:30.316302,2025-12-07 22:18:30.316302
397,2025-03-31 20:00:00,21,18,2,2,9,2,18,13,7,6,14,13,1,3,0,0,finished,Brasileirão Betano,1,13473342,2025-12-07 22:18:35.597323,2025-12-07 22:18:35.597323
398,2025-03-29 18:30:00,3,19,2,1,2,6,8,16,2,6,18,21,4,3,0,0,finished,Brasileirão Betano,1,13473343,2025-12-07 22:18:40.26134,2025-12-07 22:18:40.26134
399,2025-03-29 18:30:00,11,7,2,1,1,11,12,22,5,7,19,5,4,0,0,0,finished,Brasileirão Betano,1,13473344,2025-12-07 22:18:44.348805,2025-12-07 22:18:44.348805
400,2025-03-30 20:00:00,12,5,1,1,3,5,14,9,5,4,16,15,4,2,1,0,finished,Brasileirão Betano,1,13473345,2025-12-07 22:18:48.727458,2025-12-07 22:18:48.727458
401,2025-03-29 18:30:00,8,9,2,0,4,5,5,15,3,1,16,5,1,0,0,0,finished,Brasileirão Betano,1,13473346,2025-12-07 22:18:53.386313,2025-12-07 22:18:53.386313
402,2025-04-06 16:00:00,9,21,2,1,6,6,15,17,5,5,15,12,1,0,0,0,finished,Brasileirão Betano,2,13473348,2025-12-07 22:18:59.638665,2025-12-07 22:18:59.638665
403,2025-04-05 21:00:00,10,20,2,0,3,3,16,14,6,3,14,7,2,3,0,0,finished,Brasileirão Betano,2,13473349,2025-12-07 22:19:03.916272,2025-12-07 22:19:03.916272
404,2025-04-05 18:30:00,5,13,3,0,1,4,6,10,3,3,18,16,3,2,0,0,finished,Brasileirão Betano,2,13473350,2025-12-07 22:19:08.526788,2025-12-07 22:19:08.526788
405,2025-04-06 20:30:00,15,12,2,2,9,3,22,10,6,3,13,16,5,2,0,0,finished,Brasileirão Betano,2,13473351,2025-12-07 22:19:12.909563,2025-12-07 22:19:12.909563
406,2025-04-06 18:30:00,19,8,1,1,8,1,20,7,5,3,15,12,2,3,0,0,finished,Brasileirão Betano,2,13473352,2025-12-07 22:19:18.541736,2025-12-07 22:19:18.541736
407,2025-04-06 16:00:00,7,4,0,0,12,4,25,6,6,4,16,12,2,3,1,1,finished,Brasileirão Betano,2,13473353,2025-12-07 22:19:23.405535,2025-12-07 22:19:23.405535
408,2025-04-06 18:30:00,6,3,3,0,9,2,24,6,11,1,19,11,1,1,0,1,finished,Brasileirão Betano,2,13473354,2025-12-07 22:19:26.999548,2025-12-07 22:19:26.999548
409,2025-04-06 18:30:00,16,1,1,2,2,6,5,14,3,7,7,17,0,0,0,0,finished,Brasileirão Betano,2,13473355,2025-12-07 22:19:31.34701,2025-12-07 22:19:31.34701
410,2025-04-05 18:30:00,18,11,2,0,3,10,12,12,6,3,9,18,1,3,0,0,finished,Brasileirão Betano,2,13473356,2025-12-07 22:19:36.233819,2025-12-07 22:19:36.233819
411,2025-03-16 16:00:00,1,9,0,0,9,5,8,6,2,2,19,20,3,6,0,0,finished,Carioca Série A – Mata-mata,29,13592141,2025-12-07 22:19:40.247063,2025-12-07 22:19:40.247063
412,2025-04-12 18:30:00,2,5,2,0,1,3,13,8,5,1,17,18,6,5,0,0,finished,Brasileirão Betano,3,13473360,2025-12-07 22:19:46.367165,2025-12-07 22:19:46.367165
413,2025-04-13 17:30:00,11,1,0,2,3,4,10,8,2,4,11,14,1,2,0,0,finished,Brasileirão Betano,3,13473364,2025-12-07 22:19:54.441485,2025-12-07 22:19:54.441485
414,2025-04-13 19:30:00,9,15,1,0,3,3,13,4,4,1,16,22,2,4,0,0,finished,Brasileirão Betano,3,13473358,2025-12-08 00:00:43.502452,2025-12-08 00:00:43.502452
415,2025-04-13 17:30:00,4,3,1,1,4,6,11,15,2,2,14,21,5,6,0,0,finished,Brasileirão Betano,3,13473361,2025-12-08 00:19:25.513395,2025-12-08 00:19:25.513395
416,2025-04-12 16:00:00,21,10,1,0,3,8,11,12,4,2,19,11,3,2,0,0,finished,Brasileirão Betano,3,13473362,2025-12-08 00:19:29.814579,2025-12-08 00:19:29.814579
417,2025-04-13 20:30:00,7,16,2,2,16,3,35,9,10,4,8,10,2,3,0,0,finished,Brasileirão Betano,3,13473363,2025-12-08 00:19:34.789244,2025-12-08 00:19:34.789244
418,2025-04-13 16:00:00,12,19,1,1,10,2,17,5,2,3,11,10,2,5,0,0,finished,Brasileirão Betano,3,13473365,2025-12-08 00:19:39.918301,2025-12-08 00:19:39.918301
419,2025-04-13 20:00:00,8,6,0,0,5,5,10,9,1,1,12,13,6,2,1,0,finished,Brasileirão Betano,3,13473366,2025-12-08 00:19:44.96823,2025-12-08 00:19:44.96823
420,2025-04-12 21:00:00,13,17,3,1,1,10,10,18,6,2,11,14,3,2,0,0,finished,Brasileirão Betano,3,13473359,2025-12-08 00:19:50.04168,2025-12-08 00:19:50.04168
421,2025-04-16 21:30:00,1,20,6,0,6,0,18,4,8,1,14,12,1,1,0,0,finished,Brasileirão Betano,4,13473368,2025-12-08 00:19:53.9901,2025-12-08 00:19:53.9901
422,2025-04-16 18:30:00,10,4,2,2,9,4,23,14,8,4,11,4,0,4,0,0,finished,Brasileirão Betano,4,13473369,2025-12-08 00:19:58.699553,2025-12-08 00:19:58.699553
423,2025-04-16 19:30:00,5,9,0,2,7,4,10,8,2,4,12,13,2,2,0,0,finished,Brasileirão Betano,4,13473370,2025-12-08 00:20:03.429566,2025-12-08 00:20:03.429566
424,2025-04-16 21:30:00,15,7,2,0,3,6,11,16,5,4,11,18,3,3,0,0,finished,Brasileirão Betano,4,13473371,2025-12-08 00:20:08.049397,2025-12-08 00:20:08.049397
425,2025-04-17 21:30:00,3,12,3,0,4,5,14,7,7,1,15,9,5,2,0,0,finished,Brasileirão Betano,4,13473373,2025-12-08 00:20:15.632065,2025-12-08 00:20:15.632065
426,2025-04-16 19:30:00,6,2,0,1,1,6,11,12,2,4,15,16,0,1,0,0,finished,Brasileirão Betano,4,13473374,2025-12-08 00:20:19.214622,2025-12-08 00:20:19.214622
427,2025-04-16 21:30:00,16,8,2,1,5,5,15,9,8,4,15,10,1,1,0,0,finished,Brasileirão Betano,4,13473375,2025-12-08 00:20:23.147577,2025-12-08 00:20:23.147577
428,2025-04-16 19:00:00,19,11,4,1,2,7,11,16,6,6,12,16,2,4,0,0,finished,Brasileirão Betano,4,13473372,2025-12-08 00:20:27.639843,2025-12-08 00:20:27.639843
429,2025-04-15 21:30:00,18,13,2,1,1,2,11,11,2,3,14,12,3,4,0,0,finished,Brasileirão Betano,4,13473376,2025-12-08 00:20:31.300993,2025-12-08 00:20:31.300993
430,2025-04-20 18:30:00,9,16,1,1,6,4,11,7,5,3,12,14,0,1,0,0,finished,Brasileirão Betano,5,13473378,2025-12-08 00:20:36.197715,2025-12-08 00:20:36.197715
431,2025-04-19 18:30:00,13,1,0,0,2,11,6,17,1,7,14,10,2,1,0,0,finished,Brasileirão Betano,5,13473379,2025-12-08 00:20:41.215201,2025-12-08 00:20:41.215201
432,2025-04-19 16:00:00,5,17,2,1,5,4,17,10,4,2,11,12,3,2,0,0,finished,Brasileirão Betano,5,13473380,2025-12-08 00:20:46.412891,2025-12-08 00:20:46.412891
433,2025-04-20 16:00:00,4,15,2,1,5,5,6,15,3,3,17,13,7,3,0,0,finished,Brasileirão Betano,5,13473381,2025-12-08 00:20:50.852562,2025-12-08 00:20:50.852562
434,2025-04-20 20:30:00,21,3,1,0,4,9,20,12,6,4,17,13,2,3,0,0,finished,Brasileirão Betano,5,13473382,2025-12-08 00:20:54.392647,2025-12-08 00:20:54.392647
435,2025-04-20 16:00:00,7,10,1,0,8,4,13,7,6,2,13,14,3,2,0,1,finished,Brasileirão Betano,5,13473383,2025-12-08 00:20:58.350031,2025-12-08 00:20:58.350031
436,2025-04-19 21:00:00,11,6,1,1,3,7,8,14,2,5,14,14,7,3,1,0,finished,Brasileirão Betano,5,13473384,2025-12-08 00:21:03.455326,2025-12-08 00:21:03.455326
437,2025-04-21 20:00:00,12,18,1,0,3,4,13,10,4,2,14,18,2,4,0,0,finished,Brasileirão Betano,5,13473385,2025-12-08 00:21:08.297169,2025-12-08 00:21:08.297169
438,2025-04-20 18:30:00,8,2,1,2,8,2,13,6,5,4,12,13,1,1,0,0,finished,Brasileirão Betano,5,13473386,2025-12-08 00:21:12.238198,2025-12-08 00:21:12.238198
439,2025-04-27 16:00:00,1,5,4,0,10,3,17,8,6,2,14,12,2,1,0,0,finished,Brasileirão Betano,6,13473388,2025-12-08 00:21:20.45655,2025-12-08 00:21:20.45655
440,2025-04-26 21:00:00,10,9,2,0,6,3,15,8,7,1,21,9,4,4,0,0,finished,Brasileirão Betano,6,13473389,2025-12-08 00:21:25.213112,2025-12-08 00:21:25.213112
441,2025-04-27 18:30:00,2,12,0,1,6,4,21,11,2,5,12,16,1,2,0,0,finished,Brasileirão Betano,6,13473390,2025-12-08 00:21:30.280761,2025-12-08 00:21:30.280761
442,2025-04-26 18:30:00,19,7,2,2,9,7,20,16,6,6,11,5,4,2,0,0,finished,Brasileirão Betano,6,13473392,2025-12-08 00:21:37.80133,2025-12-08 00:21:37.80133
443,2025-04-27 18:30:00,3,13,1,0,4,8,11,15,4,6,18,12,0,0,0,0,finished,Brasileirão Betano,6,13473393,2025-12-08 00:21:42.121948,2025-12-08 00:21:42.121948
444,2025-04-26 16:00:00,6,20,3,1,9,2,13,4,7,1,17,8,1,2,0,0,finished,Brasileirão Betano,6,13473394,2025-12-08 00:21:47.344821,2025-12-08 00:21:47.344821
445,2025-04-27 18:30:00,16,11,1,1,6,2,14,11,3,8,20,11,4,1,0,0,finished,Brasileirão Betano,6,13473395,2025-12-08 00:21:51.250302,2025-12-08 00:21:51.250302
446,2025-04-26 18:30:00,18,4,1,1,3,2,7,14,2,4,13,19,2,5,0,0,finished,Brasileirão Betano,6,13473396,2025-12-08 00:21:55.226854,2025-12-08 00:21:55.226854
447,2025-04-26 20:00:00,17,8,0,0,6,6,16,11,8,1,11,9,0,4,0,1,finished,Brasileirão Betano,6,13473397,2025-12-08 00:21:59.181301,2025-12-08 00:21:59.181301
448,2025-05-04 16:00:00,13,2,0,1,7,11,13,16,5,2,11,8,2,0,0,0,finished,Brasileirão Betano,7,13473399,2025-12-08 00:22:07.089138,2025-12-08 00:22:07.089138
449,2025-05-03 18:30:00,5,6,4,2,3,7,22,8,9,4,11,13,3,3,0,1,finished,Brasileirão Betano,7,13473400,2025-12-08 00:22:12.142661,2025-12-08 00:22:12.142661
450,2025-05-02 21:30:00,4,8,0,0,5,13,14,17,4,1,15,19,2,2,0,0,finished,Brasileirão Betano,7,13473401,2025-12-08 00:22:16.749909,2025-12-08 00:22:16.749909
451,2025-02-19 21:30:00,8,16,1,2,6,7,12,15,6,5,12,10,2,1,0,0,finished,"Copa do Nordeste, Group A",4,13350521,2025-12-08 00:22:21.742749,2025-12-08 00:22:21.742749
452,2025-05-04 18:30:00,3,1,2,1,6,5,17,6,11,4,18,9,4,2,0,0,finished,Brasileirão Betano,7,13473403,2025-12-08 00:22:26.48737,2025-12-08 00:22:26.48737
453,2025-05-03 18:30:00,9,17,2,1,10,6,20,11,8,5,12,13,1,5,0,0,finished,Brasileirão Betano,7,13473398,2025-12-08 00:22:33.331829,2025-12-08 00:22:33.331829
454,2025-05-03 21:00:00,12,10,1,0,3,3,9,16,2,4,11,7,3,4,0,0,finished,Brasileirão Betano,7,13473405,2025-12-08 00:22:37.929705,2025-12-08 00:22:37.929705
455,2025-05-05 20:00:00,20,7,0,1,3,5,13,26,6,7,12,16,2,2,0,0,finished,Brasileirão Betano,7,13473407,2025-12-08 00:22:42.905754,2025-12-08 00:22:42.905754
456,2025-05-10 21:00:00,1,12,1,0,8,2,14,6,5,2,11,9,0,1,1,0,finished,Brasileirão Betano,8,13473408,2025-12-08 00:22:47.729667,2025-12-08 00:22:47.729667
457,2025-05-11 20:00:00,10,6,4,0,2,7,12,19,6,5,11,10,0,1,0,0,finished,Brasileirão Betano,8,13473409,2025-12-08 00:22:52.559312,2025-12-08 00:22:52.559312
458,2025-05-11 17:30:00,2,4,1,0,10,1,17,6,4,2,12,16,1,2,0,0,finished,Brasileirão Betano,8,13473410,2025-12-08 00:22:57.175527,2025-12-08 00:22:57.175527
459,2025-05-04 16:00:00,11,15,1,0,3,6,8,13,3,1,10,19,5,3,0,0,finished,Brasileirão Betano,7,13473404,2025-12-08 00:23:01.605897,2025-12-08 00:23:01.605897
460,2025-05-10 18:30:00,19,5,2,1,4,5,14,10,5,3,14,19,2,5,0,0,finished,Brasileirão Betano,8,13473412,2025-12-08 00:23:05.767848,2025-12-08 00:23:05.767848
461,2025-05-11 17:30:00,7,9,3,2,10,0,14,5,5,2,15,7,2,2,0,0,finished,Brasileirão Betano,8,13473413,2025-12-08 00:23:10.476108,2025-12-08 00:23:10.476108
462,2025-05-10 18:30:00,11,21,1,1,6,4,16,11,3,3,14,11,1,3,0,0,finished,Brasileirão Betano,8,13473414,2025-12-08 00:23:14.393585,2025-12-08 00:23:14.393585
463,2025-05-10 16:00:00,8,20,5,0,5,4,20,4,13,1,13,14,3,4,0,0,finished,Brasileirão Betano,8,13473416,2025-12-08 00:23:21.83317,2025-12-08 00:23:21.83317
464,2025-05-11 16:00:00,17,3,0,4,7,4,11,17,4,6,11,5,1,0,0,0,finished,Brasileirão Betano,8,13473417,2025-12-08 00:23:26.739247,2025-12-08 00:23:26.739247
465,2025-05-18 18:30:00,1,10,0,0,7,3,15,8,3,2,9,23,1,5,0,0,finished,Brasileirão Betano,9,13473418,2025-12-08 00:23:31.518719,2025-12-08 00:23:31.518719
466,2025-05-17 18:30:00,13,8,3,0,4,7,14,10,7,3,12,11,2,1,1,1,finished,Brasileirão Betano,9,13473419,2025-12-08 00:23:35.240329,2025-12-08 00:23:35.240329
467,2025-05-18 16:00:00,5,15,1,0,5,3,11,6,2,1,8,14,2,6,0,1,finished,Brasileirão Betano,9,13473420,2025-12-08 00:23:39.996497,2025-12-08 00:23:39.996497
468,2025-05-17 21:00:00,4,11,2,1,8,3,20,3,5,3,14,13,4,5,0,0,finished,Brasileirão Betano,9,13473421,2025-12-08 00:23:45.029468,2025-12-08 00:23:45.029468
469,2025-05-18 18:30:00,21,2,1,2,8,12,9,15,2,5,15,12,2,2,0,0,finished,Brasileirão Betano,9,13473422,2025-12-08 00:23:49.870497,2025-12-08 00:23:49.870497
470,2025-05-18 20:30:00,3,7,0,0,15,1,21,7,4,3,15,17,1,5,0,0,finished,Brasileirão Betano,9,13473423,2025-12-08 00:23:54.048143,2025-12-08 00:23:54.048143
471,2025-05-18 20:30:00,6,19,1,1,6,2,25,8,12,2,10,10,2,4,0,0,finished,Brasileirão Betano,9,13473424,2025-12-08 00:23:58.799849,2025-12-08 00:23:58.799849
472,2025-11-15 18:30:00,17,1,1,5,4,15,7,36,2,13,5,5,5,3,2,0,finished,Brasileirão Betano,12,14933649,2025-12-08 00:24:03.355875,2025-12-08 00:24:03.355875
473,2025-05-18 16:00:00,12,16,2,1,1,10,8,23,2,8,12,23,3,4,1,1,finished,Brasileirão Betano,9,13473425,2025-12-08 00:24:07.332855,2025-12-08 00:24:07.332855
474,2025-05-18 16:00:00,20,9,1,1,5,5,9,17,1,7,18,13,4,3,0,0,finished,Brasileirão Betano,9,13473427,2025-12-08 00:24:12.002543,2025-12-08 00:24:12.002543
475,2025-05-24 18:30:00,9,13,2,1,6,2,17,7,5,2,11,16,4,3,0,0,finished,Brasileirão Betano,10,13473428,2025-12-08 00:24:19.185384,2025-12-08 00:24:19.185384
476,2025-05-25 16:00:00,2,1,0,2,3,3,13,7,3,3,13,18,4,2,0,0,finished,Brasileirão Betano,10,13473430,2025-12-08 00:24:23.376706,2025-12-08 00:24:23.376706
477,2025-05-24 18:30:00,4,19,0,2,5,4,13,6,3,2,19,11,4,1,0,0,finished,Brasileirão Betano,10,13473431,2025-12-08 00:24:27.40988,2025-12-08 00:24:27.40988
478,2025-02-04 21:30:00,17,8,0,2,4,8,15,6,2,2,12,18,1,5,0,0,finished,"Copa do Nordeste, Group A",2,13350553,2025-12-08 00:24:35.907227,2025-12-08 00:24:35.907227
479,2025-05-24 21:00:00,7,5,0,0,1,1,13,6,2,0,24,18,2,4,0,0,finished,Brasileirão Betano,10,13473434,2025-12-08 00:24:40.459139,2025-12-08 00:24:40.459139
480,2025-05-25 11:00:00,11,12,1,0,4,17,9,16,2,3,10,13,4,4,0,0,finished,Brasileirão Betano,10,13473435,2025-12-08 00:24:44.661954,2025-12-08 00:24:44.661954
481,2025-05-25 18:30:00,16,15,0,1,5,5,19,8,7,2,16,15,3,1,0,0,finished,Brasileirão Betano,10,13473436,2025-12-08 00:24:48.657327,2025-12-08 00:24:48.657327
482,2025-05-25 20:30:00,8,3,0,2,6,8,10,17,1,8,14,10,4,1,1,0,finished,Brasileirão Betano,10,13473437,2025-12-08 00:24:52.843937,2025-12-08 00:24:52.843937
483,2025-05-25 16:00:00,17,6,1,1,6,4,14,17,4,4,11,10,2,1,0,1,finished,Brasileirão Betano,10,13473438,2025-12-08 00:24:57.155864,2025-12-08 00:24:57.155864
484,2025-11-01 16:00:00,15,8,1,1,7,4,15,13,4,8,15,22,4,2,0,0,finished,Brasileirão Betano,31,13472669,2025-12-08 00:25:20.62859,2025-12-08 00:25:20.62859
485,2025-11-01 18:00:00,19,10,0,0,7,2,10,10,1,1,11,22,1,4,0,0,finished,Brasileirão Betano,31,13472672,2025-12-08 00:25:25.471269,2025-12-08 00:25:25.471269
486,2025-08-24 16:00:00,12,15,2,0,3,0,12,8,4,3,12,17,2,1,0,0,finished,Brasileirão Betano,21,13472679,2025-12-08 00:25:30.092286,2025-12-08 00:25:30.092286
487,2025-05-31 21:00:00,13,21,0,2,7,3,20,4,4,3,13,9,1,2,0,0,finished,Brasileirão Betano,11,13472680,2025-12-08 00:25:37.215972,2025-12-08 00:25:37.215972
488,2025-11-02 16:00:00,12,21,2,1,4,3,17,7,6,3,11,20,3,5,0,0,finished,Brasileirão Betano,31,13472685,2025-12-08 00:25:43.696129,2025-12-08 00:25:43.696129
489,2025-06-01 11:00:00,19,17,1,0,2,7,12,10,4,4,10,20,4,1,0,0,finished,Brasileirão Betano,11,13472692,2025-12-08 00:26:17.33569,2025-12-08 00:26:17.33569
490,2025-01-25 16:30:00,6,20,2,0,9,3,10,9,4,1,14,13,1,3,0,0,finished,Gaúcho,2,13252395,2025-12-08 00:26:29.329015,2025-12-08 00:26:29.329015
491,2025-03-16 16:00:00,6,11,1,1,3,2,7,6,4,2,17,20,3,4,1,1,finished,Gaúcho - Mata-mata,29,13578030,2025-12-08 00:26:36.451967,2025-12-08 00:26:36.451967
492,2025-03-22 18:30:00,21,3,1,1,0,0,0,0,0,0,0,0,0,0,0,0,finished,Club Friendly Games,1,13633331,2025-12-08 00:26:47.642633,2025-12-08 00:26:47.642633
493,2025-02-05 22:00:00,20,11,2,0,3,5,10,12,3,3,10,11,1,3,0,0,finished,Gaúcho,5,13252412,2025-12-08 00:27:04.00712,2025-12-08 00:27:04.00712
494,2025-02-08 21:00:00,11,6,1,1,4,5,8,14,1,5,13,23,1,2,0,0,finished,Gaúcho,6,13252418,2025-12-08 00:27:11.044506,2025-12-08 00:27:11.044506
495,2025-08-30 16:00:00,18,20,0,1,4,5,13,10,7,2,17,26,0,6,0,0,finished,Brasileirão Betano,22,13472701,2025-12-08 00:27:31.548315,2025-12-08 00:27:31.548315
496,2025-11-05 19:30:00,10,13,3,0,8,3,23,12,9,0,10,11,3,2,0,0,finished,Brasileirão Betano,32,13472702,2025-12-08 00:27:42.543657,2025-12-08 00:27:42.543657
497,2025-08-31 20:30:00,17,13,2,3,10,5,14,10,4,7,9,10,2,1,0,0,finished,Brasileirão Betano,22,13472703,2025-12-08 00:27:47.988316,2025-12-08 00:27:47.988316
498,2025-09-14 20:30:00,13,18,2,2,3,3,17,12,6,7,19,10,3,2,0,1,finished,Brasileirão Betano,23,13472707,2025-12-08 00:28:01.364387,2025-12-08 00:28:01.364387
499,2025-09-14 11:00:00,21,17,1,1,5,7,21,16,9,8,11,11,2,3,0,0,finished,Brasileirão Betano,23,13472713,2025-12-08 00:28:19.999581,2025-12-08 00:28:19.999581
500,2025-08-20 19:00:00,20,13,2,0,1,5,10,14,5,2,9,11,2,1,0,0,finished,Brasileirão Betano,14,14333880,2025-12-08 00:28:40.875701,2025-12-08 00:28:40.875701
501,2025-09-11 19:30:00,3,7,2,0,5,10,10,11,6,3,19,10,2,2,0,1,finished,Copa Betano do Brasil,27,14415848,2025-12-08 00:29:14.557725,2025-12-08 00:29:14.557725
502,2025-03-16 18:30:00,2,5,0,1,14,3,23,3,8,1,15,8,1,2,0,0,finished,Paulista Série A1 - Playoffs,29,13592553,2025-12-08 00:29:19.400044,2025-12-08 00:29:19.400044
503,2025-09-10 19:00:00,9,12,2,0,2,3,10,2,5,1,16,17,2,5,0,0,finished,Copa Betano do Brasil,27,14415849,2025-12-08 00:29:23.788669,2025-12-08 00:29:23.788669
504,2025-03-27 21:35:00,5,2,0,0,3,10,5,10,1,3,19,12,7,4,2,1,finished,Paulista Série A1 - Playoffs,29,13592556,2025-12-08 00:29:31.481114,2025-12-08 00:29:31.481114
505,2025-08-27 19:30:00,7,3,0,2,3,5,12,10,3,5,15,22,3,3,0,0,finished,Copa Betano do Brasil,27,14415853,2025-12-08 00:29:36.993926,2025-12-08 00:29:36.993926
506,2025-08-28 19:30:00,12,9,1,0,7,8,10,10,4,3,9,18,1,1,0,0,finished,Copa Betano do Brasil,27,14415854,2025-12-08 00:29:43.595203,2025-12-08 00:29:43.595203
507,2025-08-27 21:30:00,13,10,1,1,2,4,14,9,6,3,15,16,2,4,0,0,finished,Copa Betano do Brasil,27,14415850,2025-12-08 00:29:48.207091,2025-12-08 00:29:48.207091
508,2025-06-12 19:00:00,21,12,0,3,4,1,9,14,2,5,3,11,2,2,1,0,finished,Brasileirão Betano,12,13472733,2025-12-08 00:29:53.178749,2025-12-08 00:29:53.178749
509,2025-09-21 16:00:00,19,20,2,0,4,11,16,12,4,3,10,10,1,2,0,0,finished,Brasileirão Betano,24,13472732,2025-12-08 00:30:03.496895,2025-12-08 00:30:03.496895
510,2025-08-06 19:00:00,21,10,0,1,2,3,10,7,1,1,15,16,5,3,2,0,finished,Copa Betano do Brasil,5,13967355,2025-12-08 00:30:12.395267,2025-12-08 00:30:12.395267
511,2025-08-06 21:30:00,9,6,1,1,6,5,9,10,3,2,16,18,4,5,0,0,finished,Copa Betano do Brasil,5,13967356,2025-12-08 00:30:16.977663,2025-12-08 00:30:16.977663
