id,nome,time_atual_id,posicao,numero_camisa,nacionalidade,nascimento,altura,pe_preferido,foto_url,sofascore_id,ativo,created_at,updated_at
1,Pedro,1,F,,,,,,,840219,t,2025-12-07 02:11:55.294517,2025-12-07 02:11:55.294517
2,Bruno Henrique,1,F,,,,,,,795291,t,2025-12-07 02:11:55.294517,2025-12-07 02:11:55.294517
3,Juninho Vieira,1,F,,,,,,,833236,t,2025-12-07 02:11:55.294517,2025-12-07 02:11:55.294517
4,Wallace Yan,1,F,,,,,,,1466084,t,2025-12-07 02:11:55.294517,2025-12-07 02:11:55.294517
5,Pedro Leão,1,F,,,,,,,1641243,t,2025-12-07 02:11:55.294517,2025-12-07 02:11:55.294517
6,Douglas Costa Telles,1,F,,,,,,,1883297,t,2025-12-07 02:11:55.294517,2025-12-07 02:11:55.294517
7,Joao Camargo,1,F,,,,,,,2408644,t,2025-12-07 02:11:55.294517,2025-12-07 02:11:55.294517
8,Giorgian De Arrascaeta,1,M,,,,,,,333587,t,2025-12-07 02:11:55.294517,2025-12-07 02:11:55.294517
9,Jorginho,1,M,,,,,,,132874,t,2025-12-07 02:11:55.294517,2025-12-07 02:11:55.294517
10,Samuel Lino,1,M,,,,,,,874705,t,2025-12-07 02:11:55.294517,2025-12-07 02:11:55.294517
11,Gonzalo Plata,1,M,,,,,,,937937,t,2025-12-07 02:11:55.294517,2025-12-07 02:11:55.294517
12,Nicolás de la Cruz,1,M,,,,,,,877513,t,2025-12-07 02:11:55.294517,2025-12-07 02:11:55.294517
13,Luiz Araújo,1,M,,,,,,,840451,t,2025-12-07 02:11:55.294517,2025-12-07 02:11:55.294517
14,Jorge Carrascal,1,M,,,,,,,590392,t,2025-12-07 02:11:55.294517,2025-12-07 02:11:55.294517
15,Saúl Ñíguez,1,M,,,,,,,116955,t,2025-12-07 02:11:55.294517,2025-12-07 02:11:55.294517
16,Everton,1,M,,,,,,,386198,t,2025-12-07 02:11:55.294517,2025-12-07 02:11:55.294517
17,Erick Pulgar,1,M,,,,,,,590262,t,2025-12-07 02:11:55.294517,2025-12-07 02:11:55.294517
18,Michael,1,M,,,,,,,878084,t,2025-12-07 02:11:55.294517,2025-12-07 02:11:55.294517
19,Allan,1,M,,,,,,,828839,t,2025-12-07 02:11:55.294517,2025-12-07 02:11:55.294517
20,Evertton Araujo,1,M,,,,,,,1145106,t,2025-12-07 02:11:55.294517,2025-12-07 02:11:55.294517
21,Guilherme Gomes,1,M,,,,,,,1645868,t,2025-12-07 02:11:55.294517,2025-12-07 02:11:55.294517
22,Pablo Lucio,1,M,,,,,,,2031651,t,2025-12-07 02:11:55.294517,2025-12-07 02:11:55.294517
23,Caio Joshua,1,M,,,,,,,1883287,t,2025-12-07 02:11:55.294517,2025-12-07 02:11:55.294517
24,Fabiano,1,M,,,,,,,1819690,t,2025-12-07 02:11:55.294517,2025-12-07 02:11:55.294517
25,Fabiano Henrique Alves dos Santos,1,M,,,,,,,1634084,t,2025-12-07 02:11:55.294517,2025-12-07 02:11:55.294517
26,Danilo,1,D,,,,,,,124992,t,2025-12-07 02:11:55.294517,2025-12-07 02:11:55.294517
27,Alex Sandro,1,D,,,,,,,84854,t,2025-12-07 02:11:55.294517,2025-12-07 02:11:55.294517
28,Léo Ortiz,1,D,,,,,,,869643,t,2025-12-07 02:11:55.294517,2025-12-07 02:11:55.294517
29,Emerson Royal,1,D,,,,,,,856123,t,2025-12-07 02:11:55.294517,2025-12-07 02:11:55.294517
30,Léo Pereira,1,D,,,,,,,358548,t,2025-12-07 02:11:55.294517,2025-12-07 02:11:55.294517
31,Matías Viña,1,D,,,,,,,875295,t,2025-12-07 02:11:55.294517,2025-12-07 02:11:55.294517
32,Ayrton Lucas,1,D,,,,,,,818473,t,2025-12-07 02:11:55.294517,2025-12-07 02:11:55.294517
33,Guillermo Varela,1,D,,,,,,,311456,t,2025-12-07 02:11:55.294517,2025-12-07 02:11:55.294517
34,Cleiton,1,D,,,,,,,1134199,t,2025-12-07 02:11:55.294517,2025-12-07 02:11:55.294517
35,Iago Silva,1,D,,,,,,,1647585,t,2025-12-07 02:11:55.294517,2025-12-07 02:11:55.294517
36,Pablo,1,D,,,,,,,243735,t,2025-12-07 02:11:55.294517,2025-12-07 02:11:55.294517
37,João Victor,1,D,,,,,,,1602833,t,2025-12-07 02:11:55.294517,2025-12-07 02:11:55.294517
38,Daniel Sales,1,D,,,,,,,1459762,t,2025-12-07 02:11:55.294517,2025-12-07 02:11:55.294517
39,Carbone,1,D,,,,,,,1640597,t,2025-12-07 02:11:55.294517,2025-12-07 02:11:55.294517
40,Da Mata,1,D,,,,,,,1482346,t,2025-12-07 02:11:55.294517,2025-12-07 02:11:55.294517
41,Wanderson Vaz,1,D,,,,,,,2058799,t,2025-12-07 02:11:55.294517,2025-12-07 02:11:55.294517
42,Agustín Rossi,1,G,,,,,,,1140986,t,2025-12-07 02:11:55.294517,2025-12-07 02:11:55.294517
43,Matheus Cunha,1,G,,,,,,,1105835,t,2025-12-07 02:11:55.294517,2025-12-07 02:11:55.294517
44,Dyogo Alves,1,G,,,,,,,1514629,t,2025-12-07 02:11:55.294517,2025-12-07 02:11:55.294517
45,Leonardo Nannetti,1,G,,,,,,,1883341,t,2025-12-07 02:11:55.294517,2025-12-07 02:11:55.294517
46,Werneck,1,G,,,,,,,2408578,t,2025-12-07 02:11:55.294517,2025-12-07 02:11:55.294517
47,Vitor Roque,2,F,,,,,,,1150391,t,2025-12-07 02:11:55.890442,2025-12-07 02:11:55.890442
48,José López,2,F,,,,,,,1094179,t,2025-12-07 02:11:55.890442,2025-12-07 02:11:55.890442
49,Paulinho,2,F,,,,,,,885179,t,2025-12-07 02:11:55.890442,2025-12-07 02:11:55.890442
50,Ramón Sosa,2,F,,,,,,,1015733,t,2025-12-07 02:11:55.890442,2025-12-07 02:11:55.890442
51,Luighi Hanri,2,F,,,,,,,1597267,t,2025-12-07 02:11:55.890442,2025-12-07 02:11:55.890442
52,Bruno Rodrigues,2,F,,,,,,,817650,t,2025-12-07 02:11:55.890442,2025-12-07 02:11:55.890442
53,Raphael Veiga,2,M,,,,,,,840020,t,2025-12-07 02:11:55.890442,2025-12-07 02:11:55.890442
54,Andreas Pereira,2,M,,,,,,,285949,t,2025-12-07 02:11:55.890442,2025-12-07 02:11:55.890442
55,Facundo Torres,2,M,,,,,,,874572,t,2025-12-07 02:11:55.890442,2025-12-07 02:11:55.890442
56,Felipe Anderson,2,M,,,,,,,152276,t,2025-12-07 02:11:55.890442,2025-12-07 02:11:55.890442
57,Aníbal Moreno,2,M,,,,,,,977677,t,2025-12-07 02:11:55.890442,2025-12-07 02:11:55.890442
58,Mauricio,2,M,,,,,,,986233,t,2025-12-07 02:11:55.890442,2025-12-07 02:11:55.890442
59,Allan,2,M,,,,,,,1835889,t,2025-12-07 02:11:55.890442,2025-12-07 02:11:55.890442
60,Emiliano Martínez,2,M,,,,,,,973533,t,2025-12-07 02:11:55.890442,2025-12-07 02:11:55.890442
61,Lucas Evangelista,2,M,,,,,,,331397,t,2025-12-07 02:11:55.890442,2025-12-07 02:11:55.890442
62,Vitor Figueiredo,2,M,,,,,,,1942460,t,2025-12-07 02:11:55.890442,2025-12-07 02:11:55.890442
63,Rômulo,2,M,,,,,,,1105078,t,2025-12-07 02:11:55.890442,2025-12-07 02:11:55.890442
64,Gustavo Gómez,2,D,,,,,,,220833,t,2025-12-07 02:11:55.890442,2025-12-07 02:11:55.890442
65,Joaquín Piquerez,2,D,,,,,,,881110,t,2025-12-07 02:11:55.890442,2025-12-07 02:11:55.890442
66,Agustín Giay,2,D,,,,,,,1106603,t,2025-12-07 02:11:55.890442,2025-12-07 02:11:55.890442
67,Murilo,2,D,,,,,,,874729,t,2025-12-07 02:11:55.890442,2025-12-07 02:11:55.890442
68,Bruno Fuchs,2,D,,,,,,,973737,t,2025-12-07 02:11:55.890442,2025-12-07 02:11:55.890442
69,Luis Benedetti,2,D,,,,,,,1485284,t,2025-12-07 02:11:55.890442,2025-12-07 02:11:55.890442
70,Khellven,2,D,,,,,,,984896,t,2025-12-07 02:11:55.890442,2025-12-07 02:11:55.890442
71,Micael,2,D,,,,,,,1105341,t,2025-12-07 02:11:55.890442,2025-12-07 02:11:55.890442
72,Jefté,2,D,,,,,,,1116665,t,2025-12-07 02:11:55.890442,2025-12-07 02:11:55.890442
73,Bruno,2,D,,,,,,,220309,t,2025-12-07 02:11:55.890442,2025-12-07 02:11:55.890442
74,Weverton,2,G,,,,,,,243529,t,2025-12-07 02:11:55.890442,2025-12-07 02:11:55.890442
75,Carlos Miguel,2,G,,,,,,,973738,t,2025-12-07 02:11:55.890442,2025-12-07 02:11:55.890442
76,Marcelo Lomba,2,G,,,,,,,34141,t,2025-12-07 02:11:55.890442,2025-12-07 02:11:55.890442
77,Aranha,2,G,,,,,,,1587799,t,2025-12-07 02:11:55.890442,2025-12-07 02:11:55.890442
78,Gabriel Barbosa,3,F,,,,,,,358554,t,2025-12-07 02:11:56.408672,2025-12-07 02:11:56.408672
79,Kaio Jorge,3,F,,,,,,,954888,t,2025-12-07 02:11:56.408672,2025-12-07 02:11:56.408672
80,Luis Sinisterra,3,F,,,,,,,836070,t,2025-12-07 02:11:56.408672,2025-12-07 02:11:56.408672
81,Yannick Bolasie,3,F,,,,,,,46620,t,2025-12-07 02:11:56.408672,2025-12-07 02:11:56.408672
82,Matheus Pereira,3,M,,,,,,,377238,t,2025-12-07 02:11:56.408672,2025-12-07 02:11:56.408672
83,Keny Arroyo,3,M,,,,,,,1482431,t,2025-12-07 02:11:56.408672,2025-12-07 02:11:56.408672
84,Marquinhos,3,M,,,,,,,1116954,t,2025-12-07 02:11:56.408672,2025-12-07 02:11:56.408672
85,Matheus Henrique,3,M,,,,,,,912786,t,2025-12-07 02:11:56.408672,2025-12-07 02:11:56.408672
86,Lucas Romero,3,M,,,,,,,263477,t,2025-12-07 02:11:56.408672,2025-12-07 02:11:56.408672
87,Lucas Silva,3,M,,,,,,,245159,t,2025-12-07 02:11:56.408672,2025-12-07 02:11:56.408672
88,Eduardo,3,M,,,,,,,76507,t,2025-12-07 02:11:56.408672,2025-12-07 02:11:56.408672
89,Wanderson,3,M,,,,,,,247483,t,2025-12-07 02:11:56.408672,2025-12-07 02:11:56.408672
90,Christian,3,M,,,,,,,981733,t,2025-12-07 02:11:56.408672,2025-12-07 02:11:56.408672
91,Walace,3,M,,,,,,,553686,t,2025-12-07 02:11:56.408672,2025-12-07 02:11:56.408672
92,Kaique Kenji,3,M,,,,,,,1647579,t,2025-12-07 02:11:56.408672,2025-12-07 02:11:56.408672
93,Japa,3,M,,,,,,,1459623,t,2025-12-07 02:11:56.408672,2025-12-07 02:11:56.408672
94,Murilo Rhikman,3,M,,,,,,,1589354,t,2025-12-07 02:11:56.408672,2025-12-07 02:11:56.408672
95,Ryan Guilherme,3,M,,,,,,,1105850,t,2025-12-07 02:11:56.408672,2025-12-07 02:11:56.408672
96,Ian Luccas,3,M,,,,,,,1046496,t,2025-12-07 02:11:56.408672,2025-12-07 02:11:56.408672
97,Fabrício Bruno,3,D,,,,,,,840220,t,2025-12-07 02:11:56.408672,2025-12-07 02:11:56.408672
98,Fagner,3,D,,,,,,,25554,t,2025-12-07 02:11:56.408672,2025-12-07 02:11:56.408672
99,William,3,D,,,,,,,604274,t,2025-12-07 02:11:56.408672,2025-12-07 02:11:56.408672
100,Kaiki,3,D,,,,,,,1112484,t,2025-12-07 02:11:56.408672,2025-12-07 02:11:56.408672
101,Lucas Villalba,3,D,,,,,,,260077,t,2025-12-07 02:11:56.408672,2025-12-07 02:11:56.408672
102,João Marcelo,3,D,,,,,,,978638,t,2025-12-07 02:11:56.408672,2025-12-07 02:11:56.408672
103,Jonathan Jesus,3,D,,,,,,,1498670,t,2025-12-07 02:11:56.408672,2025-12-07 02:11:56.408672
104,Kauã Prates,3,D,,,,,,,1887796,t,2025-12-07 02:11:56.408672,2025-12-07 02:11:56.408672
105,Mateo Gamarra,3,D,,,,,,,1085451,t,2025-12-07 02:11:56.408672,2025-12-07 02:11:56.408672
106,Kauã Moraes,3,D,,,,,,,2057367,t,2025-12-07 02:11:56.408672,2025-12-07 02:11:56.408672
107,José Janderson,3,D,,,,,,,1588663,t,2025-12-07 02:11:56.408672,2025-12-07 02:11:56.408672
108,Nicolas Pontes,3,D,,,,,,,1647577,t,2025-12-07 02:11:56.408672,2025-12-07 02:11:56.408672
109,Cássio,3,G,,,,,,,27756,t,2025-12-07 02:11:56.408672,2025-12-07 02:11:56.408672
110,Léo Aragão,3,G,,,,,,,1488035,t,2025-12-07 02:11:56.408672,2025-12-07 02:11:56.408672
111,Otávio Costa,3,G,,,,,,,1589358,t,2025-12-07 02:11:56.408672,2025-12-07 02:11:56.408672
112,Jonathan Calleri,4,F,,,,,,,340519,t,2025-12-07 02:11:57.020983,2025-12-07 02:11:57.020983
113,Gonzalo Tapia,4,F,,,,,,,1002947,t,2025-12-07 02:11:57.020983,2025-12-07 02:11:57.020983
114,Ryan Francisco,4,F,,,,,,,1631904,t,2025-12-07 02:11:57.020983,2025-12-07 02:11:57.020983
115,Juan Dinenno,4,F,,,,,,,350082,t,2025-12-07 02:11:57.020983,2025-12-07 02:11:57.020983
116,André Silva,4,F,,,,,,,925072,t,2025-12-07 02:11:57.020983,2025-12-07 02:11:57.020983
117,Paulo Sergio Venuto Bezerra,4,F,,,,,,,2290345,t,2025-12-07 02:11:57.020983,2025-12-07 02:11:57.020983
118,Oscar,4,M,,,,,,,39400,t,2025-12-07 02:11:57.020983,2025-12-07 02:11:57.020983
119,Lucas Moura,4,M,,,,,,,149710,t,2025-12-07 02:11:57.020983,2025-12-07 02:11:57.020983
120,Ferreirinha,4,M,,,,,,,998499,t,2025-12-07 02:11:57.020983,2025-12-07 02:11:57.020983
121,Luciano,4,M,,,,,,,282557,t,2025-12-07 02:11:57.020983,2025-12-07 02:11:57.020983
122,Pablo Maia,4,M,,,,,,,1120721,t,2025-12-07 02:11:57.020983,2025-12-07 02:11:57.020983
123,Damián Bobadilla,4,M,,,,,,,1015261,t,2025-12-07 02:11:57.020983,2025-12-07 02:11:57.020983
124,Alisson,4,M,,,,,,,291723,t,2025-12-07 02:11:57.020983,2025-12-07 02:11:57.020983
125,Cédric Soares,4,M,,,,,,,44760,t,2025-12-07 02:11:57.020983,2025-12-07 02:11:57.020983
126,Luan Santos,4,M,,,,,,,942426,t,2025-12-07 02:11:57.020983,2025-12-07 02:11:57.020983
127,Marcos Antônio,4,M,,,,,,,905453,t,2025-12-07 02:11:57.020983,2025-12-07 02:11:57.020983
128,Luiz Gustavo,4,M,,,,,,,29735,t,2025-12-07 02:11:57.020983,2025-12-07 02:11:57.020983
129,Rodriguinho,4,M,,,,,,,1200730,t,2025-12-07 02:11:57.020983,2025-12-07 02:11:57.020983
130,Emiliano Rigoni,4,M,,,,,,,257587,t,2025-12-07 02:11:57.020983,2025-12-07 02:11:57.020983
131,Lucca,4,M,,,,,,,2162243,t,2025-12-07 02:11:57.020983,2025-12-07 02:11:57.020983
132,Felipe Negrucci,4,M,,,,,,,1485598,t,2025-12-07 02:11:57.020983,2025-12-07 02:11:57.020983
133,Pedro Henrique Ferreira da Silva,4,M,,,,,,,2290346,t,2025-12-07 02:11:57.020983,2025-12-07 02:11:57.020983
134,Robert Arboleda,4,D,,,,,,,338937,t,2025-12-07 02:11:57.020983,2025-12-07 02:11:57.020983
135,Nahuel Ferraresi,4,D,,,,,,,881215,t,2025-12-07 02:11:57.020983,2025-12-07 02:11:57.020983
136,Wendell,4,D,,,,,,,335033,t,2025-12-07 02:11:57.020983,2025-12-07 02:11:57.020983
137,Alan Franco,4,D,,,,,,,875402,t,2025-12-07 02:11:57.020983,2025-12-07 02:11:57.020983
138,Enzo Díaz,4,D,,,,,,,932937,t,2025-12-07 02:11:57.020983,2025-12-07 02:11:57.020983
139,Rafael Tolói,4,D,,,,,,,82943,t,2025-12-07 02:11:57.020983,2025-12-07 02:11:57.020983
140,Sabino,4,D,,,,,,,975118,t,2025-12-07 02:11:57.020983,2025-12-07 02:11:57.020983
141,Patryck,4,D,,,,,,,1002528,t,2025-12-07 02:11:57.020983,2025-12-07 02:11:57.020983
142,Maik,4,D,,,,,,,2035326,t,2025-12-07 02:11:57.020983,2025-12-07 02:11:57.020983
143,Matheus Belém,4,D,,,,,,,1466551,t,2025-12-07 02:11:57.020983,2025-12-07 02:11:57.020983
144,Maílton,4,D,,,,,,,973857,t,2025-12-07 02:11:57.020983,2025-12-07 02:11:57.020983
145,Rafael,4,G,,,,,,,33132,t,2025-12-07 02:11:57.020983,2025-12-07 02:11:57.020983
146,Young,4,G,,,,,,,1116957,t,2025-12-07 02:11:57.020983,2025-12-07 02:11:57.020983
147,Leandro Mathias,4,G,,,,,,,1493107,t,2025-12-07 02:11:57.020983,2025-12-07 02:11:57.020983
148,Felipe Gabriel Preis,4,G,,,,,,,1631898,t,2025-12-07 02:11:57.020983,2025-12-07 02:11:57.020983
149,Memphis Depay,5,F,,,,,,,138833,t,2025-12-07 02:11:57.771157,2025-12-07 02:11:57.771157
150,Yuri Alberto,5,F,,,,,,,905463,t,2025-12-07 02:11:57.771157,2025-12-07 02:11:57.771157
151,Ángel Romero,5,F,,,,,,,1197041,t,2025-12-07 02:11:57.771157,2025-12-07 02:11:57.771157
152,Talles Magno,5,F,,,,,,,985860,t,2025-12-07 02:11:57.771157,2025-12-07 02:11:57.771157
153,Gui Negão,5,F,,,,,,,1922597,t,2025-12-07 02:11:57.771157,2025-12-07 02:11:57.771157
154,Vitinho,5,F,,,,,,,242054,t,2025-12-07 02:11:57.771157,2025-12-07 02:11:57.771157
155,Héctor Hernández,5,F,,,,,,,352448,t,2025-12-07 02:11:57.771157,2025-12-07 02:11:57.771157
156,Kayke Ferrari,5,F,,,,,,,1411152,t,2025-12-07 02:11:57.771157,2025-12-07 02:11:57.771157
157,Rodrigo Garro,5,M,,,,,,,994454,t,2025-12-07 02:11:57.771157,2025-12-07 02:11:57.771157
158,André Carrillo,5,M,,,,,,,115182,t,2025-12-07 02:11:57.771157,2025-12-07 02:11:57.771157
159,Breno Bidon,5,M,,,,,,,1199261,t,2025-12-07 02:11:57.771157,2025-12-07 02:11:57.771157
160,José Martínez,5,M,,,,,,,979325,t,2025-12-07 02:11:57.771157,2025-12-07 02:11:57.771157
161,Raniele,5,M,,,,,,,866392,t,2025-12-07 02:11:57.771157,2025-12-07 02:11:57.771157
162,Maycon,5,M,,,,,,,831778,t,2025-12-07 02:11:57.771157,2025-12-07 02:11:57.771157
163,Charles,5,M,,,,,,,845178,t,2025-12-07 02:11:57.771157,2025-12-07 02:11:57.771157
164,Ryan Gustavo,5,M,,,,,,,1170779,t,2025-12-07 02:11:57.771157,2025-12-07 02:11:57.771157
165,Dieguinho,5,M,,,,,,,1916131,t,2025-12-07 02:11:57.771157,2025-12-07 02:11:57.771157
166,Bahia,5,M,,,,,,,1482358,t,2025-12-07 02:11:57.771157,2025-12-07 02:11:57.771157
167,André Luiz,5,M,,,,,,,1647612,t,2025-12-07 02:11:57.771157,2025-12-07 02:11:57.771157
168,Matheuzinho,5,D,,,,,,,931540,t,2025-12-07 02:11:57.771157,2025-12-07 02:11:57.771157
169,Félix Torres,5,D,,,,,,,881848,t,2025-12-07 02:11:57.771157,2025-12-07 02:11:57.771157
170,Matheus Bidu,5,D,,,,,,,981703,t,2025-12-07 02:11:57.771157,2025-12-07 02:11:57.771157
171,André Ramalho,5,D,,,,,,,148155,t,2025-12-07 02:11:57.771157,2025-12-07 02:11:57.771157
172,Gustavo Henrique,5,D,,,,,,,243181,t,2025-12-07 02:11:57.771157,2025-12-07 02:11:57.771157
173,Cacá,5,D,,,,,,,929200,t,2025-12-07 02:11:57.771157,2025-12-07 02:11:57.771157
174,Fabrizio Angileri,5,D,,,,,,,311462,t,2025-12-07 02:11:57.771157,2025-12-07 02:11:57.771157
175,Hugo,5,D,,,,,,,1017827,t,2025-12-07 02:11:57.771157,2025-12-07 02:11:57.771157
176,João Pedro Tchoca,5,D,,,,,,,1411150,t,2025-12-07 02:11:57.771157,2025-12-07 02:11:57.771157
177,Hugo Souza,5,G,,,,,,,950454,t,2025-12-07 02:11:57.771157,2025-12-07 02:11:57.771157
178,Matheus Donelli,5,G,,,,,,,1002609,t,2025-12-07 02:11:57.771157,2025-12-07 02:11:57.771157
179,Felipe Longo,5,G,,,,,,,1485272,t,2025-12-07 02:11:57.771157,2025-12-07 02:11:57.771157
180,Kauê,5,G,,,,,,,1382923,t,2025-12-07 02:11:57.771157,2025-12-07 02:11:57.771157
181,Rafael Borré,6,F,,,,,,,560116,t,2025-12-07 02:12:01.589036,2025-12-07 02:12:01.589036
182,Johan Carbonero,6,F,,,,,,,925125,t,2025-12-07 02:12:01.589036,2025-12-07 02:12:01.589036
183,Ricardo Mathias,6,F,,,,,,,1483340,t,2025-12-07 02:12:01.589036,2025-12-07 02:12:01.589036
184,Lucca Drummond,6,F,,,,,,,1878437,t,2025-12-07 02:12:01.589036,2025-12-07 02:12:01.589036
185,Leandro Kauã,6,F,,,,,,,1589315,t,2025-12-07 02:12:01.589036,2025-12-07 02:12:01.589036
186,Eduardo Henrique Lopes Ferreira,6,F,,,,,,,1890689,t,2025-12-07 02:12:01.589036,2025-12-07 02:12:01.589036
187,Alan Patrick,6,M,,,,,,,124997,t,2025-12-07 02:12:01.589036,2025-12-07 02:12:01.589036
188,Óscar Romero,6,M,,,,,,,146416,t,2025-12-07 02:12:01.589036,2025-12-07 02:12:01.589036
189,Thiago Maia,6,M,,,,,,,358550,t,2025-12-07 02:12:01.589036,2025-12-07 02:12:01.589036
190,Bruno Tabata,6,M,,,,,,,845433,t,2025-12-07 02:12:01.589036,2025-12-07 02:12:01.589036
191,Vitinho,6,M,,,,,,,982405,t,2025-12-07 02:12:01.589036,2025-12-07 02:12:01.589036
192,Bruno Henrique,6,M,,,,,,,345113,t,2025-12-07 02:12:01.589036,2025-12-07 02:12:01.589036
193,Gustavo Prado,6,M,,,,,,,1485220,t,2025-12-07 02:12:01.589036,2025-12-07 02:12:01.589036
194,Ronaldo,6,M,,,,,,,824152,t,2025-12-07 02:12:01.589036,2025-12-07 02:12:01.589036
195,Alan Rodríguez,6,M,,,,,,,874576,t,2025-12-07 02:12:01.589036,2025-12-07 02:12:01.589036
196,Luis Otávio,6,M,,,,,,,1835768,t,2025-12-07 02:12:01.589036,2025-12-07 02:12:01.589036
197,Richard Cândido,6,M,,,,,,,897617,t,2025-12-07 02:12:01.589036,2025-12-07 02:12:01.589036
198,Yago Noal,6,M,,,,,,,1835793,t,2025-12-07 02:12:01.589036,2025-12-07 02:12:01.589036
199,Alisson Rodrigues de Melo,6,M,,,,,,,1890696,t,2025-12-07 02:12:01.589036,2025-12-07 02:12:01.589036
200,Gustavo dos Santos,6,M,,,,,,,2111049,t,2025-12-07 02:12:01.589036,2025-12-07 02:12:01.589036
201,Allex,6,M,,,,,,,1485191,t,2025-12-07 02:12:01.589036,2025-12-07 02:12:01.589036
202,Henrique de Aguiar de Mendonça,6,M,,,,,,,1634587,t,2025-12-07 02:12:01.589036,2025-12-07 02:12:01.589036
203,Alexandro Bernabei,6,D,,,,,,,989200,t,2025-12-07 02:12:01.589036,2025-12-07 02:12:01.589036
204,Vitão,6,D,,,,,,,876625,t,2025-12-07 02:12:01.589036,2025-12-07 02:12:01.589036
205,Gabriel Mercado,6,D,,,,,,,128376,t,2025-12-07 02:12:01.589036,2025-12-07 02:12:01.589036
206,Bruno Gomes,6,D,,,,,,,995071,t,2025-12-07 02:12:01.589036,2025-12-07 02:12:01.589036
207,Braian Aguirre,6,D,,,,,,,1084963,t,2025-12-07 02:12:01.589036,2025-12-07 02:12:01.589036
208,Victor Gabriel,6,D,,,,,,,1106487,t,2025-12-07 02:12:01.589036,2025-12-07 02:12:01.589036
209,Juninho,6,D,,,,,,,799947,t,2025-12-07 02:12:01.589036,2025-12-07 02:12:01.589036
210,Alan Benítez,6,D,,,,,,,312824,t,2025-12-07 02:12:01.589036,2025-12-07 02:12:01.589036
211,Clayton Sampaio,6,D,,,,,,,1394242,t,2025-12-07 02:12:01.589036,2025-12-07 02:12:01.589036
212,Pablo Pereira da Costa,6,D,,,,,,,2040091,t,2025-12-07 02:12:01.589036,2025-12-07 02:12:01.589036
213,Yan Henrique,6,D,,,,,,,1465212,t,2025-12-07 02:12:01.589036,2025-12-07 02:12:01.589036
214,Esley Ezequiel dos Reis,6,D,,,,,,,1890680,t,2025-12-07 02:12:01.589036,2025-12-07 02:12:01.589036
215,Sergio Rochet,6,G,,,,,,,581060,t,2025-12-07 02:12:01.589036,2025-12-07 02:12:01.589036
216,Ivan Quaresma,6,G,,,,,,,795029,t,2025-12-07 02:12:01.589036,2025-12-07 02:12:01.589036
217,Anthoni,6,G,,,,,,,1106134,t,2025-12-07 02:12:01.589036,2025-12-07 02:12:01.589036
218,Kauan,6,G,,,,,,,1485233,t,2025-12-07 02:12:01.589036,2025-12-07 02:12:01.589036
219,Hulk,7,F,,,,,,,34705,t,2025-12-07 02:12:02.398243,2025-12-07 02:12:02.398243
220,Reinier,7,F,,,,,,,978562,t,2025-12-07 02:12:02.398243,2025-12-07 02:12:02.398243
221,Dudu,7,F,,,,,,,147464,t,2025-12-07 02:12:02.398243,2025-12-07 02:12:02.398243
222,Rony,7,F,,,,,,,835260,t,2025-12-07 02:12:02.398243,2025-12-07 02:12:02.398243
223,Júnior Santos,7,F,,,,,,,922559,t,2025-12-07 02:12:02.398243,2025-12-07 02:12:02.398243
224,Biel,7,F,,,,,,,1106140,t,2025-12-07 02:12:02.398243,2025-12-07 02:12:02.398243
225,Cadu,7,F,,,,,,,1199473,t,2025-12-07 02:12:02.398243,2025-12-07 02:12:02.398243
226,João Marcelo,7,F,,,,,,,2025719,t,2025-12-07 02:12:02.398243,2025-12-07 02:12:02.398243
227,Isaac,7,F,,,,,,,1471239,t,2025-12-07 02:12:02.398243,2025-12-07 02:12:02.398243
228,Caio Maia,7,F,,,,,,,1471217,t,2025-12-07 02:12:02.398243,2025-12-07 02:12:02.398243
229,Gustavo Scarpa,7,M,,,,,,,559036,t,2025-12-07 02:12:02.398243,2025-12-07 02:12:02.398243
230,Alan Franco,7,M,,,,,,,822729,t,2025-12-07 02:12:02.398243,2025-12-07 02:12:02.398243
231,Gabriel Menino,7,M,,,,,,,974556,t,2025-12-07 02:12:02.398243,2025-12-07 02:12:02.398243
232,Bernard,7,M,,,,,,,241488,t,2025-12-07 02:12:02.398243,2025-12-07 02:12:02.398243
233,Fausto Vera,7,M,,,,,,,930690,t,2025-12-07 02:12:02.398243,2025-12-07 02:12:02.398243
234,Alexsander,7,M,,,,,,,1185617,t,2025-12-07 02:12:02.398243,2025-12-07 02:12:02.398243
235,Tomás Cuello,7,M,,,,,,,871273,t,2025-12-07 02:12:02.398243,2025-12-07 02:12:02.398243
236,Igor Gomes,7,M,,,,,,,913598,t,2025-12-07 02:12:02.398243,2025-12-07 02:12:02.398243
237,Patrick,7,M,,,,,,,1485290,t,2025-12-07 02:12:02.398243,2025-12-07 02:12:02.398243
238,Mateus Jose Iseppe,7,M,,,,,,,2231192,t,2025-12-07 02:12:02.398243,2025-12-07 02:12:02.398243
239,David Kauã,7,M,,,,,,,1485268,t,2025-12-07 02:12:02.398243,2025-12-07 02:12:02.398243
240,Wallyson Breno Freitas da Silva,7,M,,,,,,,1829044,t,2025-12-07 02:12:02.398243,2025-12-07 02:12:02.398243
241,Victinho,7,M,,,,,,,1548442,t,2025-12-07 02:12:02.398243,2025-12-07 02:12:02.398243
242,Guilherme Arana,7,D,,,,,,,1127439,t,2025-12-07 02:12:02.398243,2025-12-07 02:12:02.398243
243,Lyanco,7,D,,,,,,,797893,t,2025-12-07 02:12:02.398243,2025-12-07 02:12:02.398243
244,Iván Román,7,D,,,,,,,1464929,t,2025-12-07 02:12:02.398243,2025-12-07 02:12:02.398243
245,Junior Alonso,7,D,,,,,,,333275,t,2025-12-07 02:12:02.398243,2025-12-07 02:12:02.398243
246,Caio Paulista,7,D,,,,,,,931591,t,2025-12-07 02:12:02.398243,2025-12-07 02:12:02.398243
247,Renzo Saravia,7,D,,,,,,,315916,t,2025-12-07 02:12:02.398243,2025-12-07 02:12:02.398243
248,Ruan,7,D,,,,,,,914487,t,2025-12-07 02:12:02.398243,2025-12-07 02:12:02.398243
249,Natanael,7,D,,,,,,,1046805,t,2025-12-07 02:12:02.398243,2025-12-07 02:12:02.398243
250,Vitor Hugo,7,D,,,,,,,794838,t,2025-12-07 02:12:02.398243,2025-12-07 02:12:02.398243
251,Vitor Fernandes Chaves Teixeira,7,D,,,,,,,1829020,t,2025-12-07 02:12:02.398243,2025-12-07 02:12:02.398243
252,Pedro Tocantins,7,D,,,,,,,2270350,t,2025-12-07 02:12:02.398243,2025-12-07 02:12:02.398243
253,Everson,7,G,,,,,,,870748,t,2025-12-07 02:12:02.398243,2025-12-07 02:12:02.398243
254,Gabriel Delfim,7,G,,,,,,,1117032,t,2025-12-07 02:12:02.398243,2025-12-07 02:12:02.398243
255,Robert Alves,7,G,,,,,,,1633621,t,2025-12-07 02:12:02.398243,2025-12-07 02:12:02.398243
256,Gabriel Atila,7,G,,,,,,,1199469,t,2025-12-07 02:12:02.398243,2025-12-07 02:12:02.398243
257,Germán Cano,8,F,,,,,,,33238,t,2025-12-07 02:12:03.114991,2025-12-07 02:12:03.114991
258,John Kennedy,8,F,,,,,,,1087399,t,2025-12-07 02:12:03.114991,2025-12-07 02:12:03.114991
259,Everaldo,8,F,,,,,,,386212,t,2025-12-07 02:12:03.114991,2025-12-07 02:12:03.114991
260,Joaquín Lavega,8,F,,,,,,,1122737,t,2025-12-07 02:12:03.114991,2025-12-07 02:12:03.114991
261,Yeferson Soteldo,8,M,,,,,,,789960,t,2025-12-07 02:12:03.114991,2025-12-07 02:12:03.114991
262,Matheus Martinelli,8,M,,,,,,,1067671,t,2025-12-07 02:12:03.114991,2025-12-07 02:12:03.114991
263,Ganso,8,M,,,,,,,116853,t,2025-12-07 02:12:03.114991,2025-12-07 02:12:03.114991
264,Kevin Serna,8,M,,,,,,,981374,t,2025-12-07 02:12:03.114991,2025-12-07 02:12:03.114991
265,Hércules,8,M,,,,,,,1104068,t,2025-12-07 02:12:03.114991,2025-12-07 02:12:03.114991
266,Agustín Canobbio,8,M,,,,,,,846413,t,2025-12-07 02:12:03.114991,2025-12-07 02:12:03.114991
267,Luciano Acosta,8,M,,,,,,,548030,t,2025-12-07 02:12:03.114991,2025-12-07 02:12:03.114991
268,Keno,8,M,,,,,,,787607,t,2025-12-07 02:12:03.114991,2025-12-07 02:12:03.114991
269,Facundo Bernal,8,M,,,,,,,1177404,t,2025-12-07 02:12:03.114991,2025-12-07 02:12:03.114991
270,Nonato,8,M,,,,,,,922566,t,2025-12-07 02:12:03.114991,2025-12-07 02:12:03.114991
271,Lima,8,M,,,,,,,807850,t,2025-12-07 02:12:03.114991,2025-12-07 02:12:03.114991
272,Ruben Lezcano,8,M,,,,,,,1393308,t,2025-12-07 02:12:03.114991,2025-12-07 02:12:03.114991
273,Otávio,8,M,,,,,,,552686,t,2025-12-07 02:12:03.114991,2025-12-07 02:12:03.114991
274,Riquelme Felipe,8,M,,,,,,,1884803,t,2025-12-07 02:12:03.114991,2025-12-07 02:12:03.114991
275,Santiago Moreno,8,M,,,,,,,100203,t,2025-12-07 02:12:03.114991,2025-12-07 02:12:03.114991
276,Wallace Davi,8,M,,,,,,,1884816,t,2025-12-07 02:12:03.114991,2025-12-07 02:12:03.114991
277,Thiago Silva,8,D,,,,,,,33541,t,2025-12-07 02:12:03.114991,2025-12-07 02:12:03.114991
278,Ignácio,8,D,,,,,,,958382,t,2025-12-07 02:12:03.114991,2025-12-07 02:12:03.114991
279,Gabriel Fuentes,8,D,,,,,,,927551,t,2025-12-07 02:12:03.114991,2025-12-07 02:12:03.114991
280,Samuel Xavier,8,D,,,,,,,795773,t,2025-12-07 02:12:03.114991,2025-12-07 02:12:03.114991
281,Renê,8,D,,,,,,,243113,t,2025-12-07 02:12:03.114991,2025-12-07 02:12:03.114991
282,Juan Freytes,8,D,,,,,,,962187,t,2025-12-07 02:12:03.114991,2025-12-07 02:12:03.114991
283,Guga,8,D,,,,,,,928134,t,2025-12-07 02:12:03.114991,2025-12-07 02:12:03.114991
284,Thiago Santos,8,D,,,,,,,378590,t,2025-12-07 02:12:03.114991,2025-12-07 02:12:03.114991
285,Igor Rabello,8,D,,,,,,,753662,t,2025-12-07 02:12:03.114991,2025-12-07 02:12:03.114991
286,Manoel,8,D,,,,,,,84845,t,2025-12-07 02:12:03.114991,2025-12-07 02:12:03.114991
287,Leonardo de Oliveira Jance,8,D,,,,,,,1631686,t,2025-12-07 02:12:03.114991,2025-12-07 02:12:03.114991
288,Fábio,8,G,,,,,,,17785,t,2025-12-07 02:12:03.114991,2025-12-07 02:12:03.114991
289,Marcelo Pitaluga,8,G,,,,,,,1093974,t,2025-12-07 02:12:03.114991,2025-12-07 02:12:03.114991
290,Vitor Eudes,8,G,,,,,,,927666,t,2025-12-07 02:12:03.114991,2025-12-07 02:12:03.114991
291,Germán Cano,9,F,,,,,,,33238,t,2025-12-07 02:12:03.827727,2025-12-07 02:12:03.827727
292,John Kennedy,9,F,,,,,,,1087399,t,2025-12-07 02:12:03.827727,2025-12-07 02:12:03.827727
293,Everaldo,9,F,,,,,,,386212,t,2025-12-07 02:12:03.827727,2025-12-07 02:12:03.827727
294,Joaquín Lavega,9,F,,,,,,,1122737,t,2025-12-07 02:12:03.827727,2025-12-07 02:12:03.827727
295,Yeferson Soteldo,9,M,,,,,,,789960,t,2025-12-07 02:12:03.827727,2025-12-07 02:12:03.827727
296,Matheus Martinelli,9,M,,,,,,,1067671,t,2025-12-07 02:12:03.827727,2025-12-07 02:12:03.827727
297,Ganso,9,M,,,,,,,116853,t,2025-12-07 02:12:03.827727,2025-12-07 02:12:03.827727
298,Kevin Serna,9,M,,,,,,,981374,t,2025-12-07 02:12:03.827727,2025-12-07 02:12:03.827727
299,Hércules,9,M,,,,,,,1104068,t,2025-12-07 02:12:03.827727,2025-12-07 02:12:03.827727
300,Agustín Canobbio,9,M,,,,,,,846413,t,2025-12-07 02:12:03.827727,2025-12-07 02:12:03.827727
301,Luciano Acosta,9,M,,,,,,,548030,t,2025-12-07 02:12:03.827727,2025-12-07 02:12:03.827727
302,Keno,9,M,,,,,,,787607,t,2025-12-07 02:12:03.827727,2025-12-07 02:12:03.827727
303,Facundo Bernal,9,M,,,,,,,1177404,t,2025-12-07 02:12:03.827727,2025-12-07 02:12:03.827727
304,Nonato,9,M,,,,,,,922566,t,2025-12-07 02:12:03.827727,2025-12-07 02:12:03.827727
305,Lima,9,M,,,,,,,807850,t,2025-12-07 02:12:03.827727,2025-12-07 02:12:03.827727
306,Ruben Lezcano,9,M,,,,,,,1393308,t,2025-12-07 02:12:03.827727,2025-12-07 02:12:03.827727
307,Otávio,9,M,,,,,,,552686,t,2025-12-07 02:12:03.827727,2025-12-07 02:12:03.827727
308,Riquelme Felipe,9,M,,,,,,,1884803,t,2025-12-07 02:12:03.827727,2025-12-07 02:12:03.827727
309,Santiago Moreno,9,M,,,,,,,100203,t,2025-12-07 02:12:03.827727,2025-12-07 02:12:03.827727
310,Wallace Davi,9,M,,,,,,,1884816,t,2025-12-07 02:12:03.827727,2025-12-07 02:12:03.827727
311,Thiago Silva,9,D,,,,,,,33541,t,2025-12-07 02:12:03.827727,2025-12-07 02:12:03.827727
312,Ignácio,9,D,,,,,,,958382,t,2025-12-07 02:12:03.827727,2025-12-07 02:12:03.827727
313,Gabriel Fuentes,9,D,,,,,,,927551,t,2025-12-07 02:12:03.827727,2025-12-07 02:12:03.827727
314,Samuel Xavier,9,D,,,,,,,795773,t,2025-12-07 02:12:03.827727,2025-12-07 02:12:03.827727
315,Renê,9,D,,,,,,,243113,t,2025-12-07 02:12:03.827727,2025-12-07 02:12:03.827727
316,Juan Freytes,9,D,,,,,,,962187,t,2025-12-07 02:12:03.827727,2025-12-07 02:12:03.827727
317,Guga,9,D,,,,,,,928134,t,2025-12-07 02:12:03.827727,2025-12-07 02:12:03.827727
318,Thiago Santos,9,D,,,,,,,378590,t,2025-12-07 02:12:03.827727,2025-12-07 02:12:03.827727
319,Igor Rabello,9,D,,,,,,,753662,t,2025-12-07 02:12:03.827727,2025-12-07 02:12:03.827727
320,Manoel,9,D,,,,,,,84845,t,2025-12-07 02:12:03.827727,2025-12-07 02:12:03.827727
321,Leonardo de Oliveira Jance,9,D,,,,,,,1631686,t,2025-12-07 02:12:03.827727,2025-12-07 02:12:03.827727
322,Fábio,9,G,,,,,,,17785,t,2025-12-07 02:12:03.827727,2025-12-07 02:12:03.827727
323,Marcelo Pitaluga,9,G,,,,,,,1093974,t,2025-12-07 02:12:03.827727,2025-12-07 02:12:03.827727
324,Vitor Eudes,9,G,,,,,,,927666,t,2025-12-07 02:12:03.827727,2025-12-07 02:12:03.827727
325,Joaquín Correa,10,F,,,,,,,249929,t,2025-12-07 02:12:04.32611,2025-12-07 02:12:04.32611
326,Arthur Cabral,10,F,,,,,,,870762,t,2025-12-07 02:12:04.32611,2025-12-07 02:12:04.32611
327,Matheus Martins,10,F,,,,,,,1106779,t,2025-12-07 02:12:04.32611,2025-12-07 02:12:04.32611
328,Gonzalo Mastriani,10,F,,,,,,,345847,t,2025-12-07 02:12:04.32611,2025-12-07 02:12:04.32611
329,Chris Ramos,10,F,,,,,,,914819,t,2025-12-07 02:12:04.32611,2025-12-07 02:12:04.32611
330,Nathan Fernandes,10,F,,,,,,,1494695,t,2025-12-07 02:12:04.32611,2025-12-07 02:12:04.32611
331,Jefferson Savarino,10,M,,,,,,,874739,t,2025-12-07 02:12:04.32611,2025-12-07 02:12:04.32611
332,Danilo,10,M,,,,,,,1064039,t,2025-12-07 02:12:04.32611,2025-12-07 02:12:04.32611
333,Álvaro Montoro,10,M,,,,,,,1650770,t,2025-12-07 02:12:04.32611,2025-12-07 02:12:04.32611
334,Allan,10,M,,,,,,,158277,t,2025-12-07 02:12:04.32611,2025-12-07 02:12:04.32611
335,Artur,10,M,,,,,,,841128,t,2025-12-07 02:12:04.32611,2025-12-07 02:12:04.32611
336,Marlon Freitas,10,M,,,,,,,840202,t,2025-12-07 02:12:04.32611,2025-12-07 02:12:04.32611
337,Jordan Barrera,10,M,,,,,,,1899902,t,2025-12-07 02:12:04.32611,2025-12-07 02:12:04.32611
338,Santiago Rodríguez,10,M,,,,,,,975216,t,2025-12-07 02:12:04.32611,2025-12-07 02:12:04.32611
339,Jeffinho,10,M,,,,,,,1016948,t,2025-12-07 02:12:04.32611,2025-12-07 02:12:04.32611
340,Newton,10,M,,,,,,,1463909,t,2025-12-07 02:12:04.32611,2025-12-07 02:12:04.32611
341,Diego Hernández,10,M,,,,,,,1086482,t,2025-12-07 02:12:04.32611,2025-12-07 02:12:04.32611
342,Alex Telles,10,D,,,,,,,312110,t,2025-12-07 02:12:04.32611,2025-12-07 02:12:04.32611
343,Vitinho,10,D,,,,,,,914477,t,2025-12-07 02:12:04.32611,2025-12-07 02:12:04.32611
344,Bastos,10,D,,,,,,,215956,t,2025-12-07 02:12:04.32611,2025-12-07 02:12:04.32611
345,Alexander Barboza,10,D,,,,,,,801044,t,2025-12-07 02:12:04.32611,2025-12-07 02:12:04.32611
346,Cuiabano,10,D,,,,,,,1160554,t,2025-12-07 02:12:04.32611,2025-12-07 02:12:04.32611
347,Mateo Ponte,10,D,,,,,,,1099163,t,2025-12-07 02:12:04.32611,2025-12-07 02:12:04.32611
348,Marçal,10,D,,,,,,,143593,t,2025-12-07 02:12:04.32611,2025-12-07 02:12:04.32611
349,David Ricardo,10,D,,,,,,,1186587,t,2025-12-07 02:12:04.32611,2025-12-07 02:12:04.32611
350,Kaio Pantaleão,10,D,,,,,,,990193,t,2025-12-07 02:12:04.32611,2025-12-07 02:12:04.32611
351,Philipe Sampaio,10,D,,,,,,,588996,t,2025-12-07 02:12:04.32611,2025-12-07 02:12:04.32611
352,Gabriel Bahia,10,D,,,,,,,1487513,t,2025-12-07 02:12:04.32611,2025-12-07 02:12:04.32611
353,Gabriel Da Silva Abdias,10,D,,,,,,,2084595,t,2025-12-07 02:12:04.32611,2025-12-07 02:12:04.32611
354,Gabriel Justino,10,D,,,,,,,1631268,t,2025-12-07 02:12:04.32611,2025-12-07 02:12:04.32611
355,Neto,10,G,,,,,,,84844,t,2025-12-07 02:12:04.32611,2025-12-07 02:12:04.32611
356,Léo Linck,10,G,,,,,,,1119887,t,2025-12-07 02:12:04.32611,2025-12-07 02:12:04.32611
357,Cristhian Loor,10,G,,,,,,,1470452,t,2025-12-07 02:12:04.32611,2025-12-07 02:12:04.32611
358,Raúl,10,G,,,,,,,866736,t,2025-12-07 02:12:04.32611,2025-12-07 02:12:04.32611
359,Rhyan,10,G,,,,,,,1819829,t,2025-12-07 02:12:04.32611,2025-12-07 02:12:04.32611
360,Cleber Lucas,10,G,,,,,,,2358135,t,2025-12-07 02:12:04.32611,2025-12-07 02:12:04.32611
361,Willian,11,F,,,,,,,31417,t,2025-12-07 02:12:08.264758,2025-12-07 02:12:08.264758
362,Martin Braithwaite,11,F,,,,,,,66471,t,2025-12-07 02:12:08.264758,2025-12-07 02:12:08.264758
363,Carlos Vinícius,11,F,,,,,,,891920,t,2025-12-07 02:12:08.264758,2025-12-07 02:12:08.264758
364,André Henrique,11,F,,,,,,,1463912,t,2025-12-07 02:12:08.264758,2025-12-07 02:12:08.264758
365,Arthur,11,M,,,,,,,794927,t,2025-12-07 02:12:08.264758,2025-12-07 02:12:08.264758
366,Gabriel Mec,11,M,,,,,,,1895377,t,2025-12-07 02:12:08.264758,2025-12-07 02:12:08.264758
367,Alexander Aravena,11,M,,,,,,,1000502,t,2025-12-07 02:12:08.264758,2025-12-07 02:12:08.264758
368,Mathias Villasanti,11,M,,,,,,,1139775,t,2025-12-07 02:12:08.264758,2025-12-07 02:12:08.264758
369,Alex Santana,11,M,,,,,,,358166,t,2025-12-07 02:12:08.264758,2025-12-07 02:12:08.264758
370,Cristian Pavón,11,M,,,,,,,358956,t,2025-12-07 02:12:08.264758,2025-12-07 02:12:08.264758
371,Franco Cristaldo,11,M,,,,,,,558820,t,2025-12-07 02:12:08.264758,2025-12-07 02:12:08.264758
372,Miguel Monsalve,11,M,,,,,,,1066620,t,2025-12-07 02:12:08.264758,2025-12-07 02:12:08.264758
373,Cristian Olivera,11,M,,,,,,,1068987,t,2025-12-07 02:12:08.264758,2025-12-07 02:12:08.264758
374,Gustavo Cuéllar,11,M,,,,,,,180059,t,2025-12-07 02:12:08.264758,2025-12-07 02:12:08.264758
375,Francis Amuzu,11,M,,,,,,,901889,t,2025-12-07 02:12:08.264758,2025-12-07 02:12:08.264758
376,Edenilson,11,M,,,,,,,221636,t,2025-12-07 02:12:08.264758,2025-12-07 02:12:08.264758
377,Alysson,11,M,,,,,,,1631879,t,2025-12-07 02:12:08.264758,2025-12-07 02:12:08.264758
378,Dodi,11,M,,,,,,,870804,t,2025-12-07 02:12:08.264758,2025-12-07 02:12:08.264758
379,Camilo,11,M,,,,,,,975319,t,2025-12-07 02:12:08.264758,2025-12-07 02:12:08.264758
380,Riquelme Freitas,11,M,,,,,,,1634619,t,2025-12-07 02:12:08.264758,2025-12-07 02:12:08.264758
381,Lucas Milla,11,M,,,,,,,1176212,t,2025-12-07 02:12:08.264758,2025-12-07 02:12:08.264758
382,Erick Noriega,11,D,,,,,,,1020375,t,2025-12-07 02:12:08.264758,2025-12-07 02:12:08.264758
383,Marcos Rocha,11,D,,,,,,,82576,t,2025-12-07 02:12:08.264758,2025-12-07 02:12:08.264758
384,Walter Kannemann,11,D,,,,,,,249647,t,2025-12-07 02:12:08.264758,2025-12-07 02:12:08.264758
385,Marlon,11,D,,,,,,,870787,t,2025-12-07 02:12:08.264758,2025-12-07 02:12:08.264758
386,Fabián Balbuena,11,D,,,,,,,339447,t,2025-12-07 02:12:08.264758,2025-12-07 02:12:08.264758
387,Jemerson,11,D,,,,,,,328519,t,2025-12-07 02:12:08.264758,2025-12-07 02:12:08.264758
388,Wagner Leonardo,11,D,,,,,,,976235,t,2025-12-07 02:12:08.264758,2025-12-07 02:12:08.264758
389,Gustavo Martins,11,D,,,,,,,1105796,t,2025-12-07 02:12:08.264758,2025-12-07 02:12:08.264758
390,João Pedro,11,D,,,,,,,605528,t,2025-12-07 02:12:08.264758,2025-12-07 02:12:08.264758
391,Lucas Esteves,11,D,,,,,,,1387272,t,2025-12-07 02:12:08.264758,2025-12-07 02:12:08.264758
392,Rodrigo Ely,11,D,,,,,,,168745,t,2025-12-07 02:12:08.264758,2025-12-07 02:12:08.264758
393,João Lucas,11,D,,,,,,,981019,t,2025-12-07 02:12:08.264758,2025-12-07 02:12:08.264758
394,Viery,11,D,,,,,,,1907760,t,2025-12-07 02:12:08.264758,2025-12-07 02:12:08.264758
395,Mayk Silva,11,D,,,,,,,944459,t,2025-12-07 02:12:08.264758,2025-12-07 02:12:08.264758
396,Enzo,11,D,,,,,,,1491470,t,2025-12-07 02:12:08.264758,2025-12-07 02:12:08.264758
397,Luis Eduardo,11,D,,,,,,,2352783,t,2025-12-07 02:12:08.264758,2025-12-07 02:12:08.264758
398,Tiago Volpi,11,G,,,,,,,243509,t,2025-12-07 02:12:08.264758,2025-12-07 02:12:08.264758
399,Gabriel Grando,11,G,,,,,,,1111770,t,2025-12-07 02:12:08.264758,2025-12-07 02:12:08.264758
400,Jorge Bartholdy,11,G,,,,,,,1639127,t,2025-12-07 02:12:08.264758,2025-12-07 02:12:08.264758
401,Willian José,12,F,,,,,,,123223,t,2025-12-07 02:12:08.84705,2025-12-07 02:12:08.84705
402,Ademir,12,F,,,,,,,922546,t,2025-12-07 02:12:08.84705,2025-12-07 02:12:08.84705
403,Tiago Souza,12,F,,,,,,,1469531,t,2025-12-07 02:12:08.84705,2025-12-07 02:12:08.84705
404,Kaue Furquim,12,F,,,,,,,2297112,t,2025-12-07 02:12:08.84705,2025-12-07 02:12:08.84705
405,Everton Ribeiro,12,M,,,,,,,145063,t,2025-12-07 02:12:08.84705,2025-12-07 02:12:08.84705
406,Erick Pulga,12,M,,,,,,,1104070,t,2025-12-07 02:12:08.84705,2025-12-07 02:12:08.84705
407,Jean Lucas,12,M,,,,,,,927975,t,2025-12-07 02:12:08.84705,2025-12-07 02:12:08.84705
408,Kayky,12,M,,,,,,,1106151,t,2025-12-07 02:12:08.84705,2025-12-07 02:12:08.84705
409,Cauly,12,M,,,,,,,255873,t,2025-12-07 02:12:08.84705,2025-12-07 02:12:08.84705
410,Rodrigo Nestor,12,M,,,,,,,905461,t,2025-12-07 02:12:08.84705,2025-12-07 02:12:08.84705
411,Caio Alexandre,12,M,,,,,,,1008832,t,2025-12-07 02:12:08.84705,2025-12-07 02:12:08.84705
412,Michel Araújo,12,M,,,,,,,924857,t,2025-12-07 02:12:08.84705,2025-12-07 02:12:08.84705
413,Ruan Pablo,12,M,,,,,,,1633616,t,2025-12-07 02:12:08.84705,2025-12-07 02:12:08.84705
414,Erick,12,M,,,,,,,874063,t,2025-12-07 02:12:08.84705,2025-12-07 02:12:08.84705
415,Nicolás Acevedo,12,M,,,,,,,959620,t,2025-12-07 02:12:08.84705,2025-12-07 02:12:08.84705
416,Mateo  Sanabria,12,M,,,,,,,1182233,t,2025-12-07 02:12:08.84705,2025-12-07 02:12:08.84705
417,David Martins,12,M,,,,,,,2399661,t,2025-12-07 02:12:08.84705,2025-12-07 02:12:08.84705
418,Santiago Arias,12,D,,,,,,,158583,t,2025-12-07 02:12:08.84705,2025-12-07 02:12:08.84705
419,Luciano Juba,12,D,,,,,,,1017264,t,2025-12-07 02:12:08.84705,2025-12-07 02:12:08.84705
420,Santiago Ramos Mingo,12,D,,,,,,,989843,t,2025-12-07 02:12:08.84705,2025-12-07 02:12:08.84705
421,Gilberto,12,D,,,,,,,261687,t,2025-12-07 02:12:08.84705,2025-12-07 02:12:08.84705
422,Gabriel Xavier,12,D,,,,,,,1117710,t,2025-12-07 02:12:08.84705,2025-12-07 02:12:08.84705
423,Kanu,12,D,,,,,,,871705,t,2025-12-07 02:12:08.84705,2025-12-07 02:12:08.84705
424,Luiz Gustavo,12,D,,,,,,,1634148,t,2025-12-07 02:12:08.84705,2025-12-07 02:12:08.84705
425,Iago Borduchi,12,D,,,,,,,869644,t,2025-12-07 02:12:08.84705,2025-12-07 02:12:08.84705
426,David Duarte,12,D,,,,,,,810715,t,2025-12-07 02:12:08.84705,2025-12-07 02:12:08.84705
427,Rezende,12,D,,,,,,,868030,t,2025-12-07 02:12:08.84705,2025-12-07 02:12:08.84705
428,André Dhominique,12,D,,,,,,,1177384,t,2025-12-07 02:12:08.84705,2025-12-07 02:12:08.84705
429,Frederico Lippert Neto Gomes,12,D,,,,,,,2399662,t,2025-12-07 02:12:08.84705,2025-12-07 02:12:08.84705
430,João Paulo,12,G,,,,,,,795177,t,2025-12-07 02:12:08.84705,2025-12-07 02:12:08.84705
431,Ronaldo,12,G,,,,,,,840106,t,2025-12-07 02:12:08.84705,2025-12-07 02:12:08.84705
432,Danilo Fernandes,12,G,,,,,,,145054,t,2025-12-07 02:12:08.84705,2025-12-07 02:12:08.84705
433,Gabriel Souza,12,G,,,,,,,1117033,t,2025-12-07 02:12:08.84705,2025-12-07 02:12:08.84705
434,Victor Nascimento,12,G,,,,,,,2077503,t,2025-12-07 02:12:08.84705,2025-12-07 02:12:08.84705
435,Pablo Vegetti,13,F,,,,,,,583974,t,2025-12-07 02:12:09.540042,2025-12-07 02:12:09.540042
436,Matheus França,13,F,,,,,,,1116593,t,2025-12-07 02:12:09.540042,2025-12-07 02:12:09.540042
437,Gabriel Souza,13,F,,,,,,,1444693,t,2025-12-07 02:12:09.540042,2025-12-07 02:12:09.540042
438,Cauã Paixão,13,F,,,,,,,1463541,t,2025-12-07 02:12:09.540042,2025-12-07 02:12:09.540042
439,Philippe Coutinho,13,M,,,,,,,119159,t,2025-12-07 02:12:09.540042,2025-12-07 02:12:09.540042
440,Rayan,13,M,,,,,,,1464966,t,2025-12-07 02:12:09.540042,2025-12-07 02:12:09.540042
441,Nuno Moreira,13,M,,,,,,,851285,t,2025-12-07 02:12:09.540042,2025-12-07 02:12:09.540042
442,Tchê Tchê,13,M,,,,,,,840398,t,2025-12-07 02:12:09.540042,2025-12-07 02:12:09.540042
443,Andrés Gómez,13,M,,,,,,,1160386,t,2025-12-07 02:12:09.540042,2025-12-07 02:12:09.540042
444,David,13,M,,,,,,,840291,t,2025-12-07 02:12:09.540042,2025-12-07 02:12:09.540042
445,Adson,13,M,,,,,,,1105970,t,2025-12-07 02:12:09.540042,2025-12-07 02:12:09.540042
446,Hugo Moura,13,M,,,,,,,973293,t,2025-12-07 02:12:09.540042,2025-12-07 02:12:09.540042
447,Paulinho Paula,13,M,,,,,,,879902,t,2025-12-07 02:12:09.540042,2025-12-07 02:12:09.540042
448,Jair,13,M,,,,,,,268419,t,2025-12-07 02:12:09.540042,2025-12-07 02:12:09.540042
449,Guilherme Estrella,13,M,,,,,,,1634144,t,2025-12-07 02:12:09.540042,2025-12-07 02:12:09.540042
450,Cauan Barros,13,M,,,,,,,1444694,t,2025-12-07 02:12:09.540042,2025-12-07 02:12:09.540042
451,Mateus Carvalho,13,M,,,,,,,1391962,t,2025-12-07 02:12:09.540042,2025-12-07 02:12:09.540042
452,Benjamín Garré,13,M,,,,,,,904847,t,2025-12-07 02:12:09.540042,2025-12-07 02:12:09.540042
453,Thiago Mendes,13,M,,,,,,,329303,t,2025-12-07 02:12:09.540042,2025-12-07 02:12:09.540042
454,Jean Meneses,13,M,,,,,,,818816,t,2025-12-07 02:12:09.540042,2025-12-07 02:12:09.540042
455,Leandrinho,13,M,,,,,,,1589416,t,2025-12-07 02:12:09.540042,2025-12-07 02:12:09.540042
456,Lucas Oliveira,13,M,,,,,,,867907,t,2025-12-07 02:12:09.540042,2025-12-07 02:12:09.540042
457,Paulo Henrique,13,D,,,,,,,1021721,t,2025-12-07 02:12:09.540042,2025-12-07 02:12:09.540042
458,Carlos Cuesta,13,D,,,,,,,839095,t,2025-12-07 02:12:09.540042,2025-12-07 02:12:09.540042
459,Lucas Piton,13,D,,,,,,,982174,t,2025-12-07 02:12:09.540042,2025-12-07 02:12:09.540042
460,Robert Renan,13,D,,,,,,,1191278,t,2025-12-07 02:12:09.540042,2025-12-07 02:12:09.540042
461,Puma Rodríguez,13,D,,,,,,,877591,t,2025-12-07 02:12:09.540042,2025-12-07 02:12:09.540042
462,Mauricio Lemos,13,D,,,,,,,385916,t,2025-12-07 02:12:09.540042,2025-12-07 02:12:09.540042
463,Lucas Freitas,13,D,,,,,,,1069729,t,2025-12-07 02:12:09.540042,2025-12-07 02:12:09.540042
464,Victor Luis,13,D,,,,,,,252781,t,2025-12-07 02:12:09.540042,2025-12-07 02:12:09.540042
465,Riquelme,13,D,,,,,,,1016905,t,2025-12-07 02:12:09.540042,2025-12-07 02:12:09.540042
466,Paulinho,13,D,,,,,,,1464309,t,2025-12-07 02:12:09.540042,2025-12-07 02:12:09.540042
467,Léo Jardim,13,G,,,,,,,595598,t,2025-12-07 02:12:09.540042,2025-12-07 02:12:09.540042
468,Daniel Fuzato,13,G,,,,,,,863276,t,2025-12-07 02:12:09.540042,2025-12-07 02:12:09.540042
469,Pablo,13,G,,,,,,,1652393,t,2025-12-07 02:12:09.540042,2025-12-07 02:12:09.540042
470,Alexander de Lucena,13,G,,,,,,,981404,t,2025-12-07 02:12:09.540042,2025-12-07 02:12:09.540042
471,Diego Campos Minete,13,"",,,,,,,2337474,t,2025-12-07 02:12:09.540042,2025-12-07 02:12:09.540042
472,Deyverson,14,F,,,,,,,270287,t,2025-12-07 02:12:10.361923,2025-12-07 02:12:10.361923
473,Juan Martín Lucero,14,F,,,,,,,359024,t,2025-12-07 02:12:10.361923,2025-12-07 02:12:10.361923
474,Adam Bareiro,14,F,,,,,,,871580,t,2025-12-07 02:12:10.361923,2025-12-07 02:12:10.361923
475,Kayke,14,F,,,,,,,1631272,t,2025-12-07 02:12:10.361923,2025-12-07 02:12:10.361923
476,José Herrera,14,F,,,,,,,1179171,t,2025-12-07 02:12:10.361923,2025-12-07 02:12:10.361923
477,Marinho,14,M,,,,,,,798127,t,2025-12-07 02:12:10.361923,2025-12-07 02:12:10.361923
478,Yago Pikachu,14,M,,,,,,,363688,t,2025-12-07 02:12:10.361923,2025-12-07 02:12:10.361923
479,Breno Lopes,14,M,,,,,,,937552,t,2025-12-07 02:12:10.361923,2025-12-07 02:12:10.361923
480,Matheus Pereira,14,M,,,,,,,795268,t,2025-12-07 02:12:10.361923,2025-12-07 02:12:10.361923
481,Tomás Pochettino,14,M,,,,,,,824626,t,2025-12-07 02:12:10.361923,2025-12-07 02:12:10.361923
482,Yeison Guzmán,14,M,,,,,,,870359,t,2025-12-07 02:12:10.361923,2025-12-07 02:12:10.361923
483,Moisés,14,M,,,,,,,1046501,t,2025-12-07 02:12:10.361923,2025-12-07 02:12:10.361923
484,Emmanuel Martínez,14,M,,,,,,,794312,t,2025-12-07 02:12:10.361923,2025-12-07 02:12:10.361923
485,Lucas Sasha,14,M,,,,,,,123225,t,2025-12-07 02:12:10.361923,2025-12-07 02:12:10.361923
486,Lucas Crispim,14,M,,,,,,,795178,t,2025-12-07 02:12:10.361923,2025-12-07 02:12:10.361923
487,Matheus Rossetto,14,M,,,,,,,842682,t,2025-12-07 02:12:10.361923,2025-12-07 02:12:10.361923
488,Zé Welison,14,M,,,,,,,551422,t,2025-12-07 02:12:10.361923,2025-12-07 02:12:10.361923
489,Allanzinho,14,M,,,,,,,988782,t,2025-12-07 02:12:10.361923,2025-12-07 02:12:10.361923
490,Pierre,14,M,,,,,,,1017710,t,2025-12-07 02:12:10.361923,2025-12-07 02:12:10.361923
491,Pablo,14,M,,,,,,,931595,t,2025-12-07 02:12:10.361923,2025-12-07 02:12:10.361923
492,Lucca Prior,14,M,,,,,,,1631235,t,2025-12-07 02:12:10.361923,2025-12-07 02:12:10.361923
493,Rodrigo Santos,14,M,,,,,,,1173040,t,2025-12-07 02:12:10.361923,2025-12-07 02:12:10.361923
494,Pierre,14,M,,,,,,,1167537,t,2025-12-07 02:12:10.361923,2025-12-07 02:12:10.361923
495,Benjamin Kuscevic,14,D,,,,,,,590324,t,2025-12-07 02:12:10.361923,2025-12-07 02:12:10.361923
496,Gastón Ávila,14,D,,,,,,,975526,t,2025-12-07 02:12:10.361923,2025-12-07 02:12:10.361923
497,Diogo Barbosa,14,D,,,,,,,243107,t,2025-12-07 02:12:10.361923,2025-12-07 02:12:10.361923
498,Emanuel Brítez,14,D,,,,,,,789395,t,2025-12-07 02:12:10.361923,2025-12-07 02:12:10.361923
499,Eros Mancuso,14,D,,,,,,,1116624,t,2025-12-07 02:12:10.361923,2025-12-07 02:12:10.361923
500,Tinga,14,D,,,,,,,330057,t,2025-12-07 02:12:10.361923,2025-12-07 02:12:10.361923
501,Bruno Pacheco,14,D,,,,,,,870691,t,2025-12-07 02:12:10.361923,2025-12-07 02:12:10.361923
502,Marcelo Benevenuto,14,D,,,,,,,841808,t,2025-12-07 02:12:10.361923,2025-12-07 02:12:10.361923
503,Lucas Gazal,14,D,,,,,,,1103705,t,2025-12-07 02:12:10.361923,2025-12-07 02:12:10.361923
504,Weverson,14,D,,,,,,,905452,t,2025-12-07 02:12:10.361923,2025-12-07 02:12:10.361923
505,Lucas Gazal,14,D,,,,,,,1394477,t,2025-12-07 02:12:10.361923,2025-12-07 02:12:10.361923
506,Guilherme Cristovam dos Santos,14,D,,,,,,,1875388,t,2025-12-07 02:12:10.361923,2025-12-07 02:12:10.361923
507,João Ricardo,14,G,,,,,,,839761,t,2025-12-07 02:12:10.361923,2025-12-07 02:12:10.361923
508,Brenno,14,G,,,,,,,914481,t,2025-12-07 02:12:10.361923,2025-12-07 02:12:10.361923
509,Helton Leite,14,G,,,,,,,329081,t,2025-12-07 02:12:10.361923,2025-12-07 02:12:10.361923
510,Vinicius Silvestre,14,G,,,,,,,559582,t,2025-12-07 02:12:10.361923,2025-12-07 02:12:10.361923
511,Magrão,14,G,,,,,,,1083070,t,2025-12-07 02:12:10.361923,2025-12-07 02:12:10.361923
512,Neymar,15,F,,,,,,,124712,t,2025-12-07 02:12:11.06118,2025-12-07 02:12:11.06118
513,Tiquinho Soares,15,F,,,,,,,789100,t,2025-12-07 02:12:11.06118,2025-12-07 02:12:11.06118
514,Billal Brahimi,15,F,,,,,,,948250,t,2025-12-07 02:12:11.06118,2025-12-07 02:12:11.06118
515,Lautaro Díaz,15,F,,,,,,,992093,t,2025-12-07 02:12:11.06118,2025-12-07 02:12:11.06118
516,Andrey Quintino,15,F,,,,,,,1170767,t,2025-12-07 02:12:11.06118,2025-12-07 02:12:11.06118
517,Robinho Júnior,15,M,,,,,,,2191860,t,2025-12-07 02:12:11.06118,2025-12-07 02:12:11.06118
518,Benjamín Rollheiser,15,M,,,,,,,922454,t,2025-12-07 02:12:11.06118,2025-12-07 02:12:11.06118
519,Guilherme,15,M,,,,,,,844605,t,2025-12-07 02:12:11.06118,2025-12-07 02:12:11.06118
520,Victor Hugo,15,M,,,,,,,1170954,t,2025-12-07 02:12:11.06118,2025-12-07 02:12:11.06118
521,Tomás Rincón,15,M,,,,,,,46798,t,2025-12-07 02:12:11.06118,2025-12-07 02:12:11.06118
522,Zé Rafael,15,M,,,,,,,329069,t,2025-12-07 02:12:11.06118,2025-12-07 02:12:11.06118
523,Álvaro Barreal,15,M,,,,,,,949687,t,2025-12-07 02:12:11.06118,2025-12-07 02:12:11.06118
524,Willian Arão,15,M,,,,,,,242213,t,2025-12-07 02:12:11.06118,2025-12-07 02:12:11.06118
525,Thaciano,15,M,,,,,,,872039,t,2025-12-07 02:12:11.06118,2025-12-07 02:12:11.06118
526,Gabriel Bontempo,15,M,,,,,,,1656036,t,2025-12-07 02:12:11.06118,2025-12-07 02:12:11.06118
527,João Schmidt,15,M,,,,,,,244591,t,2025-12-07 02:12:11.06118,2025-12-07 02:12:11.06118
528,Gustavo Caballero,15,M,,,,,,,988656,t,2025-12-07 02:12:11.06118,2025-12-07 02:12:11.06118
529,Hyan,15,M,,,,,,,1656040,t,2025-12-07 02:12:11.06118,2025-12-07 02:12:11.06118
530,Mateus Xavier de Sousa,15,M,,,,,,,1884605,t,2025-12-07 02:12:11.06118,2025-12-07 02:12:11.06118
531,Pedro Padula,15,M,,,,,,,1888795,t,2025-12-07 02:12:11.06118,2025-12-07 02:12:11.06118
532,Mayke,15,D,,,,,,,273329,t,2025-12-07 02:12:11.06118,2025-12-07 02:12:11.06118
533,Igor Vinícius,15,D,,,,,,,840119,t,2025-12-07 02:12:11.06118,2025-12-07 02:12:11.06118
534,Souza,15,D,,,,,,,1482340,t,2025-12-07 02:12:11.06118,2025-12-07 02:12:11.06118
535,João Pedro Chermont,15,D,,,,,,,1482361,t,2025-12-07 02:12:11.06118,2025-12-07 02:12:11.06118
536,Zé Ivaldo,15,D,,,,,,,844602,t,2025-12-07 02:12:11.06118,2025-12-07 02:12:11.06118
537,Luan Peres,15,D,,,,,,,842098,t,2025-12-07 02:12:11.06118,2025-12-07 02:12:11.06118
538,Gonzalo Escobar,15,D,,,,,,,840500,t,2025-12-07 02:12:11.06118,2025-12-07 02:12:11.06118
539,Alexis Duarte,15,D,,,,,,,883205,t,2025-12-07 02:12:11.06118,2025-12-07 02:12:11.06118
540,João Basso,15,D,,,,,,,850955,t,2025-12-07 02:12:11.06118,2025-12-07 02:12:11.06118
541,Adonis Frías,15,D,,,,,,,940699,t,2025-12-07 02:12:11.06118,2025-12-07 02:12:11.06118
542,Luis Fellipe,15,D,,,,,,,1467379,t,2025-12-07 02:12:11.06118,2025-12-07 02:12:11.06118
543,Vinicius Rodrigues Lira,15,D,,,,,,,2039241,t,2025-12-07 02:12:11.06118,2025-12-07 02:12:11.06118
544,Gabriel Brazão,15,G,,,,,,,905448,t,2025-12-07 02:12:11.06118,2025-12-07 02:12:11.06118
545,Diogenes,15,G,,,,,,,1128754,t,2025-12-07 02:12:11.06118,2025-12-07 02:12:11.06118
546,Carlinhos,16,F,,,,,,,852534,t,2025-12-07 02:12:13.908502,2025-12-07 02:12:13.908502
547,Erick,16,F,,,,,,,895650,t,2025-12-07 02:12:13.908502,2025-12-07 02:12:13.908502
548,Renato Kayzer,16,F,,,,,,,814723,t,2025-12-07 02:12:13.908502,2025-12-07 02:12:13.908502
549,Aitor Cantalapiedra,16,F,,,,,,,823831,t,2025-12-07 02:12:13.908502,2025-12-07 02:12:13.908502
550,Fabrício Santos,16,F,,,,,,,975351,t,2025-12-07 02:12:13.908502,2025-12-07 02:12:13.908502
551,Renzo López,16,F,,,,,,,926513,t,2025-12-07 02:12:13.908502,2025-12-07 02:12:13.908502
552,Wendell dos Santos Sacramento,16,F,,,,,,,1835894,t,2025-12-07 02:12:13.908502,2025-12-07 02:12:13.908502
553,Paulo Roberto,16,F,,,,,,,2112480,t,2025-12-07 02:12:13.908502,2025-12-07 02:12:13.908502
554,Romarinho,16,M,,,,,,,797619,t,2025-12-07 02:12:13.908502,2025-12-07 02:12:13.908502
555,Matheuzinho,16,M,,,,,,,795266,t,2025-12-07 02:12:13.908502,2025-12-07 02:12:13.908502
556,Pepê,16,M,,,,,,,946945,t,2025-12-07 02:12:13.908502,2025-12-07 02:12:13.908502
557,Gabriel Baralhas,16,M,,,,,,,922575,t,2025-12-07 02:12:13.908502,2025-12-07 02:12:13.908502
558,Osvaldo,16,M,,,,,,,90468,t,2025-12-07 02:12:13.908502,2025-12-07 02:12:13.908502
559,Lucas Braga,16,M,,,,,,,934801,t,2025-12-07 02:12:13.908502,2025-12-07 02:12:13.908502
560,Dudu,16,M,,,,,,,1124220,t,2025-12-07 02:12:13.908502,2025-12-07 02:12:13.908502
561,Ronald,16,M,,,,,,,931521,t,2025-12-07 02:12:13.908502,2025-12-07 02:12:13.908502
562,Kike Saverio,16,M,,,,,,,1032938,t,2025-12-07 02:12:13.908502,2025-12-07 02:12:13.908502
563,Willian Oliveira,16,M,,,,,,,295167,t,2025-12-07 02:12:13.908502,2025-12-07 02:12:13.908502
564,Rúben Rodrigues,16,M,,,,,,,946563,t,2025-12-07 02:12:13.908502,2025-12-07 02:12:13.908502
565,Ricardo Ryller,16,M,,,,,,,870943,t,2025-12-07 02:12:13.908502,2025-12-07 02:12:13.908502
566,Felipe Cardoso,16,M,,,,,,,1652635,t,2025-12-07 02:12:13.908502,2025-12-07 02:12:13.908502
567,Maykon Jesus,16,M,,,,,,,1836781,t,2025-12-07 02:12:13.908502,2025-12-07 02:12:13.908502
568,Rúben Ramos Ismael,16,M,,,,,,,1469058,t,2025-12-07 02:12:13.908502,2025-12-07 02:12:13.908502
569,Pablo Santos,16,M,,,,,,,1841330,t,2025-12-07 02:12:13.908502,2025-12-07 02:12:13.908502
570,Marco Antônio,16,M,,,,,,,1112391,t,2025-12-07 02:12:13.908502,2025-12-07 02:12:13.908502
571,Wanderson Papaterra Matos,16,M,,,,,,,2025531,t,2025-12-07 02:12:13.908502,2025-12-07 02:12:13.908502
572,Lucas Lohan dos Santos Verediana,16,M,,,,,,,2174504,t,2025-12-07 02:12:13.908502,2025-12-07 02:12:13.908502
573,Lucas Halter,16,D,,,,,,,905450,t,2025-12-07 02:12:13.908502,2025-12-07 02:12:13.908502
574,Ramon,16,D,,,,,,,980761,t,2025-12-07 02:12:13.908502,2025-12-07 02:12:13.908502
575,Claudinho,16,D,,,,,,,992791,t,2025-12-07 02:12:13.908502,2025-12-07 02:12:13.908502
576,Camutanga,16,D,,,,,,,931759,t,2025-12-07 02:12:13.908502,2025-12-07 02:12:13.908502
577,Jamerson,16,D,,,,,,,972373,t,2025-12-07 02:12:13.908502,2025-12-07 02:12:13.908502
578,Raúl Cáceres,16,D,,,,,,,122971,t,2025-12-07 02:12:13.908502,2025-12-07 02:12:13.908502
579,Zé Marcos,16,D,,,,,,,901700,t,2025-12-07 02:12:13.908502,2025-12-07 02:12:13.908502
580,Neris,16,D,,,,,,,840247,t,2025-12-07 02:12:13.908502,2025-12-07 02:12:13.908502
581,Edu,16,D,,,,,,,989715,t,2025-12-07 02:12:13.908502,2025-12-07 02:12:13.908502
582,Pedro Henrique Pinheiro de Jesus,16,D,,,,,,,1633653,t,2025-12-07 02:12:13.908502,2025-12-07 02:12:13.908502
583,Kauan,16,D,,,,,,,2025518,t,2025-12-07 02:12:13.908502,2025-12-07 02:12:13.908502
584,Lucas Arcanjo,16,G,,,,,,,982558,t,2025-12-07 02:12:13.908502,2025-12-07 02:12:13.908502
585,Thiago Couto,16,G,,,,,,,871291,t,2025-12-07 02:12:13.908502,2025-12-07 02:12:13.908502
586,Alexandre Fintelman,16,G,,,,,,,1017274,t,2025-12-07 02:12:13.908502,2025-12-07 02:12:13.908502
587,Yuri Sena,16,G,,,,,,,905464,t,2025-12-07 02:12:13.908502,2025-12-07 02:12:13.908502
588,Davi Barbosa da Silva Novaes,16,G,,,,,,,1633877,t,2025-12-07 02:12:13.908502,2025-12-07 02:12:13.908502
589,Isidro Pitta,17,F,,,,,,,979861,t,2025-12-07 02:12:14.623768,2025-12-07 02:12:14.623768
590,Eduardo Sasha,17,F,,,,,,,143846,t,2025-12-07 02:12:14.623768,2025-12-07 02:12:14.623768
591,Thiago Borbas,17,F,,,,,,,1018547,t,2025-12-07 02:12:14.623768,2025-12-07 02:12:14.623768
592,Fernando,17,F,,,,,,,911195,t,2025-12-07 02:12:14.623768,2025-12-07 02:12:14.623768
593,Henry Mosquera,17,F,,,,,,,1170680,t,2025-12-07 02:12:14.623768,2025-12-07 02:12:14.623768
594,Arthur Sousa,17,F,,,,,,,1170780,t,2025-12-07 02:12:14.623768,2025-12-07 02:12:14.623768
595,Vinicinho,17,F,,,,,,,1587965,t,2025-12-07 02:12:14.623768,2025-12-07 02:12:14.623768
596,Bruno Goncalves De Jesus,17,F,,,,,,,1868441,t,2025-12-07 02:12:14.623768,2025-12-07 02:12:14.623768
597,Kawê,17,F,,,,,,,1046800,t,2025-12-07 02:12:14.623768,2025-12-07 02:12:14.623768
598,Jhon Jhon,17,M,,,,,,,1167069,t,2025-12-07 02:12:14.623768,2025-12-07 02:12:14.623768
599,Fabinho,17,M,,,,,,,1117513,t,2025-12-07 02:12:14.623768,2025-12-07 02:12:14.623768
600,Matheus Fernandes,17,M,,,,,,,840150,t,2025-12-07 02:12:14.623768,2025-12-07 02:12:14.623768
601,Lucas Barbosa,17,M,,,,,,,1067641,t,2025-12-07 02:12:14.623768,2025-12-07 02:12:14.623768
602,Ignacio Laquintana,17,M,,,,,,,948004,t,2025-12-07 02:12:14.623768,2025-12-07 02:12:14.623768
603,Gabriel Girotto,17,M,,,,,,,242052,t,2025-12-07 02:12:14.623768,2025-12-07 02:12:14.623768
604,Bruno Praxedes,17,M,,,,,,,1018093,t,2025-12-07 02:12:14.623768,2025-12-07 02:12:14.623768
605,Eric Ramires,17,M,,,,,,,950545,t,2025-12-07 02:12:14.623768,2025-12-07 02:12:14.623768
606,Vitinho,17,M,,,,,,,840210,t,2025-12-07 02:12:14.623768,2025-12-07 02:12:14.623768
607,Gustavo Neves,17,M,,,,,,,1463904,t,2025-12-07 02:12:14.623768,2025-12-07 02:12:14.623768
608,João Neto,17,M,,,,,,,990454,t,2025-12-07 02:12:14.623768,2025-12-07 02:12:14.623768
609,Davi Gomes,17,M,,,,,,,2032806,t,2025-12-07 02:12:14.623768,2025-12-07 02:12:14.623768
610,Vanderlan,17,D,,,,,,,1067640,t,2025-12-07 02:12:14.623768,2025-12-07 02:12:14.623768
611,Juninho Capixaba,17,D,,,,,,,870556,t,2025-12-07 02:12:14.623768,2025-12-07 02:12:14.623768
612,José Andrés Hurtado,17,D,,,,,,,987589,t,2025-12-07 02:12:14.623768,2025-12-07 02:12:14.623768
613,Guzmán Rodríguez,17,D,,,,,,,997239,t,2025-12-07 02:12:14.623768,2025-12-07 02:12:14.623768
614,Pedro Henrique,17,D,,,,,,,551774,t,2025-12-07 02:12:14.623768,2025-12-07 02:12:14.623768
615,Gustavo Marques,17,D,,,,,,,1174764,t,2025-12-07 02:12:14.623768,2025-12-07 02:12:14.623768
616,Alix Vinicius,17,D,,,,,,,1117597,t,2025-12-07 02:12:14.623768,2025-12-07 02:12:14.623768
617,Agustin Sant'Anna,17,D,,,,,,,869726,t,2025-12-07 02:12:14.623768,2025-12-07 02:12:14.623768
618,Nathan Mendes,17,D,,,,,,,1116955,t,2025-12-07 02:12:14.623768,2025-12-07 02:12:14.623768
619,Sergio Palacios,17,D,,,,,,,1525493,t,2025-12-07 02:12:14.623768,2025-12-07 02:12:14.623768
620,Eduardo Santos,17,D,,,,,,,925189,t,2025-12-07 02:12:14.623768,2025-12-07 02:12:14.623768
621,Guilherme Lopes,17,D,,,,,,,1097858,t,2025-12-07 02:12:14.623768,2025-12-07 02:12:14.623768
622,Cleiton,17,G,,,,,,,844576,t,2025-12-07 02:12:14.623768,2025-12-07 02:12:14.623768
623,Lucão,17,G,,,,,,,981586,t,2025-12-07 02:12:14.623768,2025-12-07 02:12:14.623768
624,Fabrício,17,G,,,,,,,1047208,t,2025-12-07 02:12:14.623768,2025-12-07 02:12:14.623768
625,Fernando Costa,17,G,,,,,,,2140167,t,2025-12-07 02:12:14.623768,2025-12-07 02:12:14.623768
626,Pedro Raul,18,F,,,,,,,866911,t,2025-12-07 02:12:15.37488,2025-12-07 02:12:15.37488
627,Lucca,18,F,,,,,,,1199435,t,2025-12-07 02:12:15.37488,2025-12-07 02:12:15.37488
628,Paulo Baya,18,F,,,,,,,1174206,t,2025-12-07 02:12:15.37488,2025-12-07 02:12:15.37488
629,Aylon,18,F,,,,,,,364528,t,2025-12-07 02:12:15.37488,2025-12-07 02:12:15.37488
630,Guilherme Luiz,18,F,,,,,,,1631434,t,2025-12-07 02:12:15.37488,2025-12-07 02:12:15.37488
631,Pedro Henrique,18,M,,,,,,,219190,t,2025-12-07 02:12:15.37488,2025-12-07 02:12:15.37488
632,Vina,18,M,,,,,,,1101714,t,2025-12-07 02:12:15.37488,2025-12-07 02:12:15.37488
633,Matheus Araújo,18,M,,,,,,,1002617,t,2025-12-07 02:12:15.37488,2025-12-07 02:12:15.37488
634,Antonio Galeano,18,M,,,,,,,883207,t,2025-12-07 02:12:15.37488,2025-12-07 02:12:15.37488
635,Rodriguinho,18,M,,,,,,,1174770,t,2025-12-07 02:12:15.37488,2025-12-07 02:12:15.37488
636,Fernando Sobral,18,M,,,,,,,931479,t,2025-12-07 02:12:15.37488,2025-12-07 02:12:15.37488
637,Lucas Mugni,18,M,,,,,,,249881,t,2025-12-07 02:12:15.37488,2025-12-07 02:12:15.37488
638,Vinicius Zanocelo,18,M,,,,,,,973841,t,2025-12-07 02:12:15.37488,2025-12-07 02:12:15.37488
639,Dieguinho,18,M,,,,,,,1016930,t,2025-12-07 02:12:15.37488,2025-12-07 02:12:15.37488
640,Lourenço,18,M,,,,,,,879871,t,2025-12-07 02:12:15.37488,2025-12-07 02:12:15.37488
641,Fernandinho,18,M,,,,,,,871219,t,2025-12-07 02:12:15.37488,2025-12-07 02:12:15.37488
642,Richardson,18,M,,,,,,,870758,t,2025-12-07 02:12:15.37488,2025-12-07 02:12:15.37488
643,Lucas Lima,18,M,,,,,,,1048254,t,2025-12-07 02:12:15.37488,2025-12-07 02:12:15.37488
644,Gabriel,18,M,,,,,,,2276181,t,2025-12-07 02:12:15.37488,2025-12-07 02:12:15.37488
645,Matheus Bahia,18,D,,,,,,,1047204,t,2025-12-07 02:12:15.37488,2025-12-07 02:12:15.37488
646,Rafael Ramos,18,D,,,,,,,788195,t,2025-12-07 02:12:15.37488,2025-12-07 02:12:15.37488
647,Marcos Victor,18,D,,,,,,,1174196,t,2025-12-07 02:12:15.37488,2025-12-07 02:12:15.37488
648,Willian Machado,18,D,,,,,,,925871,t,2025-12-07 02:12:15.37488,2025-12-07 02:12:15.37488
649,Fabiano Souza,18,D,,,,,,,1130513,t,2025-12-07 02:12:15.37488,2025-12-07 02:12:15.37488
650,Marllon,18,D,,,,,,,221206,t,2025-12-07 02:12:15.37488,2025-12-07 02:12:15.37488
651,Luiz Otávio,18,D,,,,,,,871204,t,2025-12-07 02:12:15.37488,2025-12-07 02:12:15.37488
652,Nicolas,18,D,,,,,,,841336,t,2025-12-07 02:12:15.37488,2025-12-07 02:12:15.37488
653,Éder,18,D,,,,,,,842072,t,2025-12-07 02:12:15.37488,2025-12-07 02:12:15.37488
654,Gabriel Lacerda,18,D,,,,,,,1047847,t,2025-12-07 02:12:15.37488,2025-12-07 02:12:15.37488
655,Keiller,18,G,,,,,,,840082,t,2025-12-07 02:12:15.37488,2025-12-07 02:12:15.37488
656,Bruno Ferreira,18,G,,,,,,,1066241,t,2025-12-07 02:12:15.37488,2025-12-07 02:12:15.37488
657,Richard,18,G,,,,,,,883906,t,2025-12-07 02:12:15.37488,2025-12-07 02:12:15.37488
658,Fernando Miguel,18,G,,,,,,,358418,t,2025-12-07 02:12:15.37488,2025-12-07 02:12:15.37488
659,Pedro Esli da Silva,18,"",,,,,,,2025593,t,2025-12-07 02:12:15.37488,2025-12-07 02:12:15.37488
660,Cléber,19,F,,,,,,,975207,t,2025-12-07 02:12:15.919482,2025-12-07 02:12:15.919482
661,Hygor,19,F,,,,,,,832472,t,2025-12-07 02:12:15.919482,2025-12-07 02:12:15.919482
662,Thayllon Roberth,19,F,,,,,,,1633708,t,2025-12-07 02:12:15.919482,2025-12-07 02:12:15.919482
663,Guilherme,19,F,,,,,,,1046835,t,2025-12-07 02:12:15.919482,2025-12-07 02:12:15.919482
664,Juninho,19,F,,,,,,,1463339,t,2025-12-07 02:12:15.919482,2025-12-07 02:12:15.919482
665,Josmar,19,F,,,,,,,2338346,t,2025-12-07 02:12:15.919482,2025-12-07 02:12:15.919482
666,David Luiz Silva,19,F,,,,,,,1590325,t,2025-12-07 02:12:15.919482,2025-12-07 02:12:15.919482
667,T Paulo,19,F,,,,,,,1951754,t,2025-12-07 02:12:15.919482,2025-12-07 02:12:15.919482
668,JP,19,M,,,,,,,1641124,t,2025-12-07 02:12:15.919482,2025-12-07 02:12:15.919482
669,Marquinhos Gabriel,19,M,,,,,,,90812,t,2025-12-07 02:12:15.919482,2025-12-07 02:12:15.919482
670,Maurício Garcez,19,M,,,,,,,1050353,t,2025-12-07 02:12:15.919482,2025-12-07 02:12:15.919482
671,Lucas Eduardo,19,M,,,,,,,1463560,t,2025-12-07 02:12:15.919482,2025-12-07 02:12:15.919482
672,Emerson Ramon,19,M,,,,,,,1130178,t,2025-12-07 02:12:15.919482,2025-12-07 02:12:15.919482
673,Railan,19,M,,,,,,,1047213,t,2025-12-07 02:12:15.919482,2025-12-07 02:12:15.919482
674,Zé Ricardo,19,M,,,,,,,840132,t,2025-12-07 02:12:15.919482,2025-12-07 02:12:15.919482
675,Del Piage,19,M,,,,,,,1018259,t,2025-12-07 02:12:15.919482,2025-12-07 02:12:15.919482
676,Andrey,19,M,,,,,,,1515290,t,2025-12-07 02:12:15.919482,2025-12-07 02:12:15.919482
677,Jean Lucas,19,M,,,,,,,902684,t,2025-12-07 02:12:15.919482,2025-12-07 02:12:15.919482
678,Gaspar,19,M,,,,,,,1467756,t,2025-12-07 02:12:15.919482,2025-12-07 02:12:15.919482
679,Léo Reis,19,M,,,,,,,1105277,t,2025-12-07 02:12:15.919482,2025-12-07 02:12:15.919482
680,Fellype Gabryel Ferraz da Silva,19,M,,,,,,,1632361,t,2025-12-07 02:12:15.919482,2025-12-07 02:12:15.919482
681,Nicolas Tedesco,19,M,,,,,,,2055363,t,2025-12-07 02:12:15.919482,2025-12-07 02:12:15.919482
682,Felipinho,19,M,,,,,,,2055362,t,2025-12-07 02:12:15.919482,2025-12-07 02:12:15.919482
683,Eduardo Brock,19,D,,,,,,,866775,t,2025-12-07 02:12:15.919482,2025-12-07 02:12:15.919482
684,Marcos Vinícius,19,D,,,,,,,942054,t,2025-12-07 02:12:15.919482,2025-12-07 02:12:15.919482
685,Mateus Quaresma,19,D,,,,,,,874360,t,2025-12-07 02:12:15.919482,2025-12-07 02:12:15.919482
686,Anderson,19,D,,,,,,,922629,t,2025-12-07 02:12:15.919482,2025-12-07 02:12:15.919482
687,Mário Sergio,19,D,,,,,,,355810,t,2025-12-07 02:12:15.919482,2025-12-07 02:12:15.919482
688,Wanderson,19,D,,,,,,,368846,t,2025-12-07 02:12:15.919482,2025-12-07 02:12:15.919482
689,Jonathan Costa,19,D,,,,,,,789084,t,2025-12-07 02:12:15.919482,2025-12-07 02:12:15.919482
690,Douglas da Silva Teixeira,19,D,,,,,,,1609565,t,2025-12-07 02:12:15.919482,2025-12-07 02:12:15.919482
691,Jamerson dos Santos Nascimento,19,D,,,,,,,2040065,t,2025-12-07 02:12:15.919482,2025-12-07 02:12:15.919482
692,Railan Reis Ferreira,19,D,,,,,,,1495887,t,2025-12-07 02:12:15.919482,2025-12-07 02:12:15.919482
693,Bruno Gonçalves Baldini,19,D,,,,,,,1915491,t,2025-12-07 02:12:15.919482,2025-12-07 02:12:15.919482
694,Bruno Baldini,19,D,,,,,,,2055361,t,2025-12-07 02:12:15.919482,2025-12-07 02:12:15.919482
695,César,19,G,,,,,,,870904,t,2025-12-07 02:12:15.919482,2025-12-07 02:12:15.919482
696,Igor Bohn,19,G,,,,,,,881483,t,2025-12-07 02:12:15.919482,2025-12-07 02:12:15.919482
697,Otávio,19,G,,,,,,,1111507,t,2025-12-07 02:12:15.919482,2025-12-07 02:12:15.919482
698,Adriel,19,"",,,,,,,2217687,t,2025-12-07 02:12:15.919482,2025-12-07 02:12:15.919482
699,David,19,"",,,,,,,2040590,t,2025-12-07 02:12:15.919482,2025-12-07 02:12:15.919482
700,Gilberto,20,F,,,,,,,158561,t,2025-12-07 02:13:53.211309,2025-12-07 02:13:53.211309
701,Matheus Babi,20,F,,,,,,,1007431,t,2025-12-07 02:13:53.211309,2025-12-07 02:13:53.211309
702,Gabriel Taliari,20,F,,,,,,,933955,t,2025-12-07 02:13:53.211309,2025-12-07 02:13:53.211309
703,Rafael Bilú,20,F,,,,,,,959005,t,2025-12-07 02:13:53.211309,2025-12-07 02:13:53.211309
704,Emerson Galego,20,F,,,,,,,1462809,t,2025-12-07 02:13:53.211309,2025-12-07 02:13:53.211309
705,Gabriel Veron,20,M,,,,,,,1002819,t,2025-12-07 02:13:53.211309,2025-12-07 02:13:53.211309
706,Juan Sforza,20,M,,,,,,,1003013,t,2025-12-07 02:13:53.211309,2025-12-07 02:13:53.211309
707,Nenê,20,M,,,,,,,5672,t,2025-12-07 02:13:53.211309,2025-12-07 02:13:53.211309
708,Jádson,20,M,,,,,,,243651,t,2025-12-07 02:13:53.211309,2025-12-07 02:13:53.211309
709,Emerson Batalla,20,M,,,,,,,1022945,t,2025-12-07 02:13:53.211309,2025-12-07 02:13:53.211309
710,Luis Mandaca,20,M,,,,,,,1116677,t,2025-12-07 02:13:53.211309,2025-12-07 02:13:53.211309
711,Caique Gonçalves,20,M,,,,,,,871032,t,2025-12-07 02:13:53.211309,2025-12-07 02:13:53.211309
712,Ênio,20,M,,,,,,,1015935,t,2025-12-07 02:13:53.211309,2025-12-07 02:13:53.211309
713,Lucas Fernandes,20,M,,,,,,,837871,t,2025-12-07 02:13:53.211309,2025-12-07 02:13:53.211309
714,Daniel Giraldo,20,M,,,,,,,1136107,t,2025-12-07 02:13:53.211309,2025-12-07 02:13:53.211309
715,Giovanny,20,M,,,,,,,797649,t,2025-12-07 02:13:53.211309,2025-12-07 02:13:53.211309
716,Edison Negueba,20,M,,,,,,,1200594,t,2025-12-07 02:13:53.211309,2025-12-07 02:13:53.211309
717,Peixoto,20,M,,,,,,,1049781,t,2025-12-07 02:13:53.211309,2025-12-07 02:13:53.211309
718,Rafinha,20,M,,,,,,,1467339,t,2025-12-07 02:13:53.211309,2025-12-07 02:13:53.211309
719,Hudson,20,M,,,,,,,1148373,t,2025-12-07 02:13:53.211309,2025-12-07 02:13:53.211309
720,Hudson Alexandre Batista da Silva,20,M,,,,,,,1907957,t,2025-12-07 02:13:53.211309,2025-12-07 02:13:53.211309
721,Roberson Cardoso,20,M,,,,,,,2025437,t,2025-12-07 02:13:53.211309,2025-12-07 02:13:53.211309
722,Wilker Ángel,20,D,,,,,,,147358,t,2025-12-07 02:13:53.211309,2025-12-07 02:13:53.211309
723,Alan Ruschel,20,D,,,,,,,551674,t,2025-12-07 02:13:53.211309,2025-12-07 02:13:53.211309
724,Natã,20,D,,,,,,,1175603,t,2025-12-07 02:13:53.211309,2025-12-07 02:13:53.211309
725,Marcelo Hermes,20,D,,,,,,,783490,t,2025-12-07 02:13:53.211309,2025-12-07 02:13:53.211309
726,Abner,20,D,,,,,,,1464653,t,2025-12-07 02:13:53.211309,2025-12-07 02:13:53.211309
727,Luan Freitas,20,D,,,,,,,986064,t,2025-12-07 02:13:53.211309,2025-12-07 02:13:53.211309
728,Igor Formiga,20,D,,,,,,,1009030,t,2025-12-07 02:13:53.211309,2025-12-07 02:13:53.211309
729,Marcos Paulo,20,D,,,,,,,1170913,t,2025-12-07 02:13:53.211309,2025-12-07 02:13:53.211309
730,Ewerthon,20,D,,,,,,,992512,t,2025-12-07 02:13:53.211309,2025-12-07 02:13:53.211309
731,Cipriano,20,D,,,,,,,1111123,t,2025-12-07 02:13:53.211309,2025-12-07 02:13:53.211309
732,Rodrigo Sam,20,D,,,,,,,794640,t,2025-12-07 02:13:53.211309,2025-12-07 02:13:53.211309
733,Reginaldo,20,D,,,,,,,555456,t,2025-12-07 02:13:53.211309,2025-12-07 02:13:53.211309
734,Bernardo Tichz Toffolo,20,D,,,,,,,1631649,t,2025-12-07 02:13:53.211309,2025-12-07 02:13:53.211309
735,Matheus Henrique  Schroeder da Silva,20,D,,,,,,,2025626,t,2025-12-07 02:13:53.211309,2025-12-07 02:13:53.211309
736,Luiz Eduardo Linhares Abreu,20,D,,,,,,,2337472,t,2025-12-07 02:13:53.211309,2025-12-07 02:13:53.211309
737,Jandrei,20,G,,,,,,,874979,t,2025-12-07 02:13:53.211309,2025-12-07 02:13:53.211309
738,Gastón Guruceaga,20,G,,,,,,,589614,t,2025-12-07 02:13:53.211309,2025-12-07 02:13:53.211309
739,Ruan Carneiro,20,G,,,,,,,1014248,t,2025-12-07 02:13:53.211309,2025-12-07 02:13:53.211309
740,Ze Henrique,20,G,,,,,,,1503154,t,2025-12-07 02:13:53.211309,2025-12-07 02:13:53.211309
